barcode	sample	n_R1	n_R2	n_merged	n_passed	n_assigned_to_fungi	n_assigned_to_fungi_and_phylum	n_after_removing_rare_otus
SMM0101-POW14852A1-AAGKYY3M5	NA	118680	118680	103187	91652	78497	77609	76140
SMM0102-POW14852A2-AAGKYY3M5	NA	72437	72437	46082	37203	25124	24752	23392
SMM0103-POW14852A3-AAGKYY3M5	NA	83438	83438	62745	54579	46655	45275	43849
SMM0104-POW14852A4-AAGKYY3M5	NA	71328	71328	48932	40518	31763	31578	30498
SMM0105-POW14852A5-AAGKYY3M5	NA	99691	99691	75372	64607	45144	44308	43164
SMM0106-POW14852A6-AAGKYY3M5	NA	101923	101923	81728	74165	42395	42199	40905
SMM0107-POW14852A7-AAGKYY3M5	NA	101091	101091	83302	72431	65122	64639	63079
SMM0108-POW14852A8-AAGKYY3M5	NA	115102	115102	97632	87727	75401	73609	72220
SMM0109-POW14852A9-AAGKYY3M5	NA	67733	67733	48413	39064	20155	19514	19142
SMM0110-POW14852A10-AAGKYY3M5	NA	136109	136109	109943	96489	37495	36520	36242
SMM0111-POW14852A11-AAGKYY3M5	NA	55902	55902	36265	32533	9037	8814	8105
SMM0112-POW14852A12-AAGKYY3M5	NA	43267	43267	19737	14555	3486	3479	3266
SMM0113-POW14852A13-AAGKYY3M5	NA	127180	127180	103852	90001	53320	51386	50907
SMM0114-POW14852A14-AAGKYY3M5	NA	114693	114693	99402	81253	16756	16162	16069
SMM0115-POW14852A15-AAGKYY3M5	NA	45203	45203	25184	20969	6481	6459	6226
SMM0116-POW14852A16-AAGKYY3M5	NA	71808	71808	47049	34763	5349	5277	4957
SMM0117-POW14852A17-AAGKYY3M5	NA	64595	64595	41195	31281	8790	8623	8509
SMM0118-POW14852A18-AAGKYY3M5	NA	68699	68699	43449	35116	18923	18415	17931
SMM0119-POW14852A19-AAGKYY3M5	NA	50196	50196	31232	27932	10618	10513	10016
SMM0120-POW14852A20-AAGKYY3M5	NA	40672	40672	18977	13437	7655	5618	5269
SMM0121-POW14852A21-AAGKYY3M5	NA	54183	54183	31658	27938	14307	13921	13268
SMM0122-POW14852A22-AAGKYY3M5	NA	85176	85176	57631	47104	11265	11164	10769
SMM0123-POW14852A23-AAGKYY3M5	NA	40006	40006	21830	17534	12013	11588	11178
SMM0124-POW14852A24-AAGKYY3M5	NA	63794	63794	40808	33261	9516	9505	9235
SMM0125-POW14852A25-AAGKYY3M5	NA	79185	79185	56465	45236	19349	18193	17803
SMM0126-POW14852A26-AAGKYY3M5	NA	85570	85570	59766	47749	11404	11289	11111
SMM0127-POW14852A27-AAGKYY3M5	NA	71298	71298	47162	35245	12892	12626	12314
SMM0128-POW14852A28-AAGKYY3M5	NA	45601	45601	25609	19002	3546	3546	3326
SMM0129-POW14852A29-AAGKYY3M5	NA	63414	63414	39610	32587	11761	10788	10386
SMM0130-POW14852A30-AAGKYY3M5	NA	17555	17555	7205	6071	1618	1618	1570
SMM0131-POW14852A31-AAGKYY3M5	NA	126174	126174	106602	93744	62098	61969	61182
SMM0132-POW14852A32-AAGKYY3M5	NA	56026	56026	42925	38096	15952	15763	15327
SMM0133-POW14852A33-AAGKYY3M5	NA	125731	125731	105608	90049	26297	25481	25210
SMM0134-POW14852A34-AAGKYY3M5	NA	63801	63801	43904	38059	11520	11376	10970
SMM0135-POW14852A35-AAGKYY3M5	NA	88978	88978	62197	56741	26214	26040	25628
SMM0136-POW14852A36-AAGKYY3M5	NA	99448	99448	77293	70761	22258	22182	21598
SMM0137-POW14852A37-AAGKYY3M5	NA	192615	192615	168083	151487	43524	43256	43129
SMM0138-POW14852A38-AAGKYY3M5	NA	119517	119517	96278	85093	48764	48268	46529
SMM0139-POW14852A39-AAGKYY3M5	NA	69279	69279	50464	43871	33589	33418	32199
SMM0140-POW14852A40-AAGKYY3M5	NA	104384	104384	85232	72749	59661	59298	57419
SMM0141-POW14852A41-AAGKYY3M5	NA	114882	114882	98250	89788	66310	65104	63012
SMM0142-POW14852A42-AAGKYY3M5	NA	77008	77008	60198	54445	35780	35241	33526
SMM0143-POW14852A43-AAGKYY3M5	NA	111895	111895	93134	82067	58777	58092	55937
SMM0144-POW14852A44-AAGKYY3M5	NA	52354	52354	34659	29535	26364	26255	23904
SMM0145-POW14852A45-AAGKYY3M5	NA	163821	163821	135894	122660	94641	94262	92664
SMM0146-POW14852A46-AAGKYY3M5	NA	57042	57042	37733	32494	28668	28532	26915
SMM0147-POW14852A47-AAGKYY3M5	NA	58538	58538	40441	35204	29737	29505	27288
SMM0148-POW14852A48-AAGKYY3M5	NA	137313	137313	121378	109524	94935	92483	90402
SMM0149-POW14852A49-AAGKYY3M5	NA	87325	87325	71445	62521	39989	39934	39138
SMM0150-POW14852A50-AAGKYY3M5	NA	103660	103660	85644	76903	40949	40800	40145
SMM0151-POW14852A51-AAGKYY3M5	NA	150180	150180	126220	117690	55675	55031	54060
SMM0152-POW14852A52-AAGKYY3M5	NA	62014	62014	47124	41692	23015	22916	22369
SMM0153-POW14852A53-AAGKYY3M5	NA	104160	104160	82849	74755	44723	44700	44093
SMM0154-POW14852A54-AAGKYY3M5	NA	72943	72943	53822	47859	23610	23595	22952
SMM0155-POW14852A55-AAGKYY3M5	NA	118976	118976	102361	94030	53883	53641	52841
SMM0156-POW14852A56-AAGKYY3M5	NA	85991	85991	65472	55752	10322	10255	9923
SMM0157-POW14852A57-AAGKYY3M5	NA	81300	81300	63067	49980	12329	12299	12029
SMM0158-POW14852A58-AAGKYY3M5	NA	37466	37466	17210	11075	3348	3348	3060
SMM0159-POW14852A59-AAGKYY3M5	NA	45794	45794	24088	19326	8536	8490	8166
SMM0160-POW14852A60-AAGKYY3M5	NA	43857	43857	25142	17426	4707	4704	4483
SMM0161-POW14852A61-AAGKYY3M5	NA	41327	41327	20109	12371	2769	2748	2493
SMM0162-POW14852A62-AAGKYY3M5	NA	61634	61634	36773	28496	19793	18592	17919
SMM0163-POW14852A63-AAGKYY3M5	NA	71957	71957	53436	49506	27029	26533	25818
SMM0164-POW14852A64-AAGKYY3M5	NA	102848	102848	76129	66044	15717	15603	15243
SMM0165-POW14852A65-AAGKYY3M5	NA	111899	111899	92342	83981	68589	68287	66054
SMM0166-POW14852A66-AAGKYY3M5	NA	78451	78451	55333	43332	15269	15198	14658
SMM0167-POW14852A67-AAGKYY3M5	NA	46579	46579	29642	25392	22201	20603	19011
SMM0168-POW14852A68-AAGKYY3M5	NA	43007	43007	25089	21229	18789	18704	17208
SMM0169-POW14852A69-AAGKYY3M5	NA	46563	46563	27720	22998	17090	16982	15436
SMM0170-POW14852A70-AAGKYY3M5	NA	85414	85414	60642	48483	12187	12135	11769
SMM0171-POW14852A71-AAGKYY3M5	NA	74183	74183	45323	37008	16207	16050	15379
SMM0172-POW14852A72-AAGKYY3M5	NA	99373	99373	73556	60005	29205	28089	27630
SMM0173-POW14852A73-AAGKYY3M5	NA	94685	94685	81837	75271	35536	34040	33291
SMM0174-POW14852A74-AAGKYY3M5	NA	101449	101449	73376	58521	30314	29572	29000
SMM0175-POW14852A75-AAGKYY3M5	NA	55724	55724	31945	25033	8165	7560	7033
SMM0176-POW14852A76-AAGKYY3M5	NA	81202	81202	59896	53349	35997	35836	35259
SMM0177-POW14852A77-AAGKYY3M5	NA	71276	71276	43365	33209	20061	19358	18894
SMM0178-POW14852A78-AAGKYY3M5	NA	135986	135986	91719	74578	40728	38951	38415
SMM0179-POW14852A79-AAGKYY3M5	NA	57482	57482	36765	29892	12136	9919	9361
SMM0180-POW14852A80-AAGKYY3M5	NA	106061	106061	79940	60761	13254	12945	12538
SMM0181-POW14852A81-AAGKYY3M5	NA	57174	57174	35238	27560	13827	13526	12973
SMM0182-POW14852A82-AAGKYY3M5	NA	36590	36590	27194	24139	11512	11408	10691
SMM0183-POW14852A83-AAGKYY3M5	NA	74284	74284	51422	40694	15112	13715	13327
SMM0184-POW14852A84-AAGKYY3M5	NA	51216	51216	28575	21435	10991	10022	9387
SMM0185-POW14852A85-AAGKYY3M5	NA	74092	74092	44515	35418	12475	12404	11824
SMM0186-POW14852A86-AAGKYY3M5	NA	26109	26109	11685	7948	3963	3860	3073
SMM0187-POW14852A87-AAGKYY3M5	NA	44997	44997	20667	14993	9424	9209	8199
SMM0188-POW14852A88-AAGKYY3M5	NA	81222	81222	58204	44434	26460	25739	24726
SMM0189-POW14852A89-AAGKYY3M5	NA	71152	71152	44773	32191	18875	18298	17501
SMM0190-POW14852A90-AAGKYY3M5	NA	87590	87590	59658	46023	23828	22638	21791
SMM0191-POW14852A91-AAGKYY3M5	NA	43484	43484	19708	12399	6409	6285	5391
SMM0192-POW14852A92-AAGKYY3M5	NA	98115	98115	69936	57406	21901	21881	21601
SMM0193-POW14852A93-AAGKYY3M5	NA	68722	68722	38576	29741	8447	8442	8181
SMM0194-POW14852A94-AAGKYY3M5	NA	79256	79256	55998	43204	6808	6791	6460
SMM0195-POW14852A95-AAGKYY3M5	NA	166824	166824	150935	142414	55021	55004	54520
SMM0196-POW14852A96-AAGKYY3M5	NA	199518	199518	171000	144937	34276	33863	33554
SMM0197-POW14852A97-AAGKYY3M5	NA	193499	193499	163636	145462	74112	74112	73899
SMM0198-POW14852A98-AAGKYY3M5	NA	199573	199573	183603	161050	23198	22618	22354
SMM0199-POW14852A99-AAGKYY3M5	NA	218315	218315	191046	172467	74385	74262	74042
SMM0200-POW14852A100-AAGKYY3M5	NA	136692	136692	112815	93193	80396	79418	77197
SMM0201-POW14852A101-AAGKYY3M5	NA	159845	159845	132947	107577	24681	24596	24207
SMM0202-POW14852A102-AAGKYY3M5	NA	182292	182292	148934	127969	60716	60489	60093
SMM0203-POW14852A103-AAGKYY3M5	NA	207680	207680	188256	163491	37876	37613	37019
SMM0204-POW14852A104-AAGKYY3M5	NA	54873	54873	30114	20879	4229	3890	3585
SMM0205-POW14852A105-AAGKYY3M5	NA	96508	96508	68247	53188	16859	15179	14814
SMM0206-POW14852A106-AAGKYY3M5	NA	208616	208616	182352	156007	58809	58778	58544
SMM0207-POW14852A107-AAGKYY3M5	NA	122197	122197	93897	78513	18232	17757	17215
SMM0208-POW14852A108-AAGKYY3M5	NA	107968	107968	88173	75108	53015	52448	51946
SMM0209-POW14852A109-AAGKYY3M5	NA	220861	220861	187754	157270	60702	60416	60167
SMM0210-POW14852A110-AAGKYY3M5	NA	56838	56838	22356	14733	7229	6925	5963
SMM0211-POW14852A111-AAGKYY3M5	NA	141375	141375	114652	90028	44918	43139	42208
SMM0212-POW14852A112-AAGKYY3M5	NA	63468	63468	47479	39089	12057	11966	11412
SMM0213-POW14852A113-AAGKYY3M5	NA	216682	216682	203986	168900	162451	161227	160421
SMM0214-POW14852A114-AAGKYY3M5	NA	188925	188925	172664	145284	128327	128233	127384
SMM0215-POW14852A115-AAGKYY3M5	NA	192443	192443	177078	161129	114627	113952	113470
SMM0216-POW14852A116-AAGKYY3M5	NA	159536	159536	137274	113472	95534	93596	92482
SMM0217-POW14852A117-AAGKYY3M5	NA	212866	212866	197788	169936	144550	142815	142077
SMM0218-POW14852A118-AAGKYY3M5	NA	169794	169794	157853	133469	125930	125056	124257
SMM0219-POW14852A119-AAGKYY3M5	NA	79263	79263	72419	65281	47057	46926	46828
SMM0220-POW14852A120-AAGKYY3M5	NA	3173	3173	85	7	6	6	NA
SMM0221-POW14852A121-AAGKYY3M5	NA	241932	241932	226038	208570	142128	141712	141323
SMM0222-POW14852A122-AAGKYY3M5	NA	72872	72872	66168	58665	19128	19091	18976
SMM0223-POW14852A123-AAGKYY3M5	NA	280324	280324	260394	219868	83658	61451	61216
SMM0224-POW14852A124-AAGKYY3M5	NA	26730	26730	22707	17616	2190	2190	2132
SMM0225-POW14852A125-AAGKYY3M5	NA	125868	125868	114456	99953	49337	49263	48899
SMM0226-POW14852A126-AAGKYY3M5	NA	271543	271543	251727	226554	114705	114414	113878
SMM0228-POW14852A128-AAGKYY3M5	NA	278398	278398	256660	217420	113840	113776	113678
SMM0229-POW14852A129-AAGKYY3M5	NA	2842	2842	150	23	2	2	NA
SMM0230-POW14852A130-AAGKYY3M5	NA	11763	11763	8701	7696	6537	6537	6462
SMM0231-POW14852A131-AAGKYY3M5	NA	146834	146834	131040	121354	79057	78477	78223
SMM0232-POW14852A132-AAGKYY3M5	NA	75636	75636	69002	60392	42333	42323	42167
SMM0233-POW14852A133-AAGKYY3M5	NA	18074	18074	14781	12281	11406	11406	11364
SMM0234-POW14852A134-AAGKYY3M5	NA	73020	73020	67221	61147	48152	48152	48014
SMM0235-POW14852A135-AAGKYY3M5	NA	168729	168729	158971	107614	68895	68692	67559
SMM0236-POW14852A136-AAGKYY3M5	NA	230798	230798	213815	192762	92820	92465	91569
SMM0237-POW14852A137-AAGKYY3M5	NA	191709	191709	182276	28813	14245	14001	12951
SMM0238-POW14852A138-AAGKYY3M5	NA	95228	95228	84592	74380	50549	50470	49778
SMM0239-POW14852A139-AAGKYY3M5	NA	202809	202809	189229	173594	137743	137531	137110
SMM0240-POW14852A140-AAGKYY3M5	NA	186769	186769	172198	159172	125695	125459	125014
SMM0241-POW14852A141-AAGKYY3M5	NA	127868	127868	117690	106544	68805	68408	68002
SMM0242-POW14852A142-AAGKYY3M5	NA	282442	282442	264824	230900	180015	179373	178692
SMM0243-POW14852A143-AAGKYY3M5	NA	214289	214289	205307	169824	122817	122439	122222
SMM0245-POW14852A145-AAGKYY3M5	NA	182681	182681	165755	152542	80175	80066	79939
SMM0246-POW14852A146-AAGKYY3M5	NA	3324	3324	1631	1477	675	675	645
SMM0249-POW14852A149-AAGKYY3M5	NA	61472	61472	54882	49981	9665	8615	8547
SMM0250-POW14852A150-AAGKYY3M5	NA	12127	12127	8198	7704	5824	5824	5810
SMM0251-POW14852A151-AAGKYY3M5	NA	64816	64816	60186	50409	6908	6908	6866
SMM0252-POW14852A152-AAGKYY3M5	NA	1736	1736	263	202	108	108	94
SMM0253-POW14852A153-AAGKYY3M5	NA	6502	6502	5645	5251	3279	3279	3210
SMM0254-POW14852A154-AAGKYY3M5	NA	203585	203585	188454	175115	145087	144804	144520
SMM0255-POW14852A155-AAGKYY3M5	NA	44005	44005	39840	37792	27499	27499	27299
SMM0256-POW14852A156-AAGKYY3M5	NA	144578	144578	128591	94682	4495	4495	4427
SMM0257-POW14852A157-AAGKYY3M5	NA	171066	171066	150792	137457	39997	39981	39707
SMM0258-POW14852A158-AAGKYY3M5	NA	1734	1734	704	642	376	376	364
SMM0259-POW14852A159-AAGKYY3M5	NA	1967	1967	1272	1075	1023	924	910
SMM0260-POW14852A160-AAGKYY3M5	NA	2083	2083	475	410	164	164	151
SMM0261-POW14852A161-AAGKYY3M5	NA	91573	91573	82818	78702	56006	55767	55623
SMM0262-POW14852A162-AAGKYY3M5	NA	2579	2579	1925	1760	1060	1001	927
SMM0263-POW14852A163-AAGKYY3M5	NA	235208	235208	217343	203951	160719	160719	160497
SMM0265-POW14852A165-AAGKYY3M5	NA	1748	1748	239	201	114	114	106
SMM0267-POW14852A167-AAGKYY3M5	NA	57476	57476	53496	50052	38221	38204	37798
SMM0268-POW14852A168-AAGKYY3M5	NA	146739	146739	132736	111487	21376	21375	21128
SMM0270-POW14852A170-AAGKYY3M5	NA	207984	207984	191727	178839	111674	111574	111427
SMM0271-POW14852A171-AAGKYY3M5	NA	2241	2241	88	49	40	40	40
SMM0272-POW14852A172-AAGKYY3M5	NA	14610	14610	12109	11572	8041	8041	7969
SMM0273-POW14852A173-AAGKYY3M5	NA	503	503	22	17	1	1	NA
SMM0274-POW14852A174-AAGKYY3M5	NA	1080	1080	684	613	357	357	279
SMM0275-POW14852A175-AAGKYY3M5	NA	269161	269161	253099	227877	158140	158103	157972
SMM0276-POW14852A176-AAGKYY3M5	NA	52661	52661	47692	45166	30397	30089	29976
SMM0277-POW14852A177-AAGKYY3M5	NA	161299	161299	150708	140965	92044	91814	91525
SMM0278-POW14852A178-AAGKYY3M5	NA	28163	28163	24356	22778	8274	8039	7975
SMM0279-POW14852A179-AAGKYY3M5	NA	3467	3467	632	523	NA	NA	NA
SMM0280-POW14852A180-AAGKYY3M5	NA	272700	272700	259275	209721	20703	20702	20464
SMM0282-POW14852A182-AAGKYY3M5	NA	7602	7602	5871	5635	5412	5298	5279
SMM0283-POW14852A183-AAGKYY3M5	NA	8056	8056	6487	5506	1225	1225	1195
SMM0284-POW14852A184-AAGKYY3M5	NA	104131	104131	93727	85395	45171	32282	32174
SMM0285-POW14852A185-AAGKYY3M5	NA	1891	1891	314	286	14	14	NA
SMM0286-POW14852A186-AAGKYY3M5	NA	1320	1320	36	1	1	1	NA
SMM0287-POW14852A187-AAGKYY3M5	NA	10922	10922	9763	8939	2243	2230	2185
SMM0288-POW14852A188-AAGKYY3M5	NA	190105	190105	174390	161571	89096	85936	85400
SMM0290-POW14852A190-AAGKYY3M5	NA	21962	21962	19714	18592	10492	10279	10174
SMM0291-POW14852A191-AAGKYY3M5	NA	165018	165018	150230	143067	92861	92505	92202
SMM0292-POW14852A192-AAGKYY3M5	NA	204544	204544	186689	154327	39400	39258	38984
SMM0294-POW14852A194-AAGKYY3M5	NA	210284	210284	191556	182642	65963	65963	65881
SMM0295-POW14852A195-AAGKYY3M5	NA	114269	114269	107409	88788	86167	86166	85444
SMM0296-POW14852A196-AAGKYY3M5	NA	10698	10698	8963	8025	6292	6292	6202
SMM0297-POW14852A197-AAGKYY3M5	NA	208023	208023	196478	166185	156545	156455	156090
SMM0298-POW14852A198-AAGKYY3M5	NA	169813	169813	160153	144519	141652	141544	141049
SMM0299-POW14852A199-AAGKYY3M5	NA	1562	1562	896	834	830	830	784
SMM0300-POW14852A200-AAGKYY3M5	NA	280682	280682	259075	240092	211940	211920	211562
SMM0301-POW14852A201-AAGKYY3M5	NA	269632	269632	253939	226313	214920	214714	214088
SMM0302-POW14852A202-AAGKYY3M5	NA	138599	138599	125184	116691	61236	61038	60540
SMM0304-POW14852A204-AAGKYY3M5	NA	926	926	665	542	523	523	504
SMM0305-POW14852A205-AAGKYY3M5	NA	251325	251325	240098	187106	138701	137893	137596
SMM0306-POW14852A206-AAGKYY3M5	NA	151390	151390	145510	117697	106916	106843	106181
SMM0307-POW14852A207-AAGKYY3M5	NA	111407	111407	106584	85785	82322	82289	81198
SMM0308-POW14852A208-AAGKYY3M5	NA	250951	250951	232754	187039	147555	147481	146875
SMM0309-POW14852A209-AAGKYY3M5	NA	73160	73160	65935	52015	14558	14554	14254
SMM0310-POW14866A56-AAGKYY3M5	NA	276766	276766	264970	217228	212736	212731	212503
SMM0311-POW14866A57-AAGKYY3M5	NA	46220	46220	39956	35372	30800	30600	30514
SMM0312-POW14866A58-AAGKYY3M5	NA	32072	32072	26075	23364	21952	21939	21751
SMM0313-POW14866A59-AAGKYY3M5	NA	79968	79968	69994	64165	58989	58938	58773
SMM0314-POW14866A60-AAGKYY3M5	NA	197456	197456	188302	69022	68309	68279	67878
SMM0315-POW14866A61-AAGKYY3M5	NA	267553	267553	247459	212162	210444	210352	210095
SMM0316-POW14866A62-AAGKYY3M5	NA	284905	284905	263174	235710	181325	180796	180079
SMM0317-POW14866A63-AAGKYY3M5	NA	298629	298629	279260	236917	213057	212498	212200
SMM0318-POW14866A65-AAGKYY3M5	NA	276918	276918	256457	228597	194044	184359	183484
SMM0319-POW14866A66-AAGKYY3M5	NA	266808	266808	248184	216688	169230	166532	166124
SMM0320-POW14866A67-AAGKYY3M5	NA	49251	49251	41071	37889	33759	33742	33554
SMM0321-POW14866A68-AAGKYY3M5	NA	321959	321959	298881	261371	229412	229316	228705
SMM0322-POW14866A69-AAGKYY3M5	NA	306303	306303	289233	254400	247601	247530	247130
SMM0323-POW14866A70-AAGKYY3M5	NA	328318	328318	309790	270525	261310	261130	260646
SMM0324-POW14866A71-AAGKYY3M5	NA	209088	209088	186484	154285	127177	127161	126597
SMM0325-POW14866A72-AAGKYY3M5	NA	14747	14747	10874	9237	6005	5997	5957
SMM0326-POW14866A73-AAGKYY3M5	NA	247891	247891	231085	198968	192005	191430	191326
SMM0327-POW14866A74-AAGKYY3M5	NA	116890	116890	105178	91129	73889	73669	73551
SMM0328-POW14866A75-AAGKYY3M5	NA	196730	196730	181567	153411	57460	57146	56882
SMM0329-POW14866A76-AAGKYY3M5	NA	257479	257479	239653	198716	196045	195774	195177
SMM0330-POW14866A77-AAGKYY3M5	NA	145593	145593	133656	119158	114447	113451	113167
SMM0331-POW14866A78-AAGKYY3M5	NA	188815	188815	173249	154772	130175	128484	128072
SMM0332-POW14866A79-AAGKYY3M5	NA	90861	90861	81647	75627	72400	71714	71487
SMM0333-POW14866A80-AAGKYY3M5	NA	226449	226449	211329	181363	170777	169688	169478
SMM0334-POW14866A81-AAGKYY3M5	NA	62620	62620	56310	49681	45079	45079	44893
SMM0335-POW14866A82-AAGKYY3M5	NA	325208	325208	299987	265233	248888	247723	247242
SMM0336-POW14866A83-AAGKYY3M5	NA	30821	30821	24637	22120	19271	19271	19106
SMM0337-POW14866A84-AAGKYY3M5	NA	130036	130036	116225	108119	101377	98203	97946
SMM0338-POW14866A85-AAGKYY3M5	NA	35582	35582	31197	26114	24557	24472	24384
SMM0339-POW14866A86-AAGKYY3M5	NA	158022	158022	147370	89445	76689	75755	75426
SMM0340-POW14866A87-AAGKYY3M5	NA	231806	231806	215799	109721	103612	103519	102849
SMM0341-POW14866A88-AAGKYY3M5	NA	212588	212588	197684	170984	154716	154227	154002
SMM0342-POW14866A89-AAGKYY3M5	NA	332864	332864	315168	262648	247598	247486	247166
SMM0343-POW14866A90-AAGKYY3M5	NA	157932	157932	146507	126061	106129	105866	105603
SMM0344-POW14866A91-AAGKYY3M5	NA	314207	314207	292317	266575	248699	248398	247839
SMM0345-POW14866A92-AAGKYY3M5	NA	240620	240620	223688	198729	182013	179842	178825
SMM0346-POW14866A93-AAGKYY3M5	NA	198595	198595	177701	145329	120633	120606	119645
SMM0347-POW14866A94-AAGKYY3M5	NA	234701	234701	221981	128747	116436	116131	115262
SMM0348-POW14866A95-AAGKYY3M5	NA	236172	236172	217660	182594	139798	139015	138005
SMM0349-POW14866A96-AAGKYY3M5	NA	148643	148643	131023	118833	109306	108791	107656
SMM0350-POW14866A97-AAGKYY3M5	NA	271184	271184	252446	206842	152933	152813	152277
SMM0351-POW14866A98-AAGKYY3M5	NA	262991	262991	244248	211067	197146	196812	196036
SMM0352-POW14866A99-AAGKYY3M5	NA	113570	113570	93481	79710	46819	46791	45924
SMM0353-POW14866A100-AAGKYY3M5	NA	231765	231765	215681	193484	175849	174807	174319
SMM0354-POW14866A101-AAGKYY3M5	NA	179902	179902	167321	144652	131122	131091	130857
SMM0355-POW14866A102-AAGKYY3M5	NA	292390	292390	276391	229597	220974	220713	220407
SMM0402-POW14852A210-AAGKYY3M5	NA	217808	217808	207723	165757	159559	159361	158773
SMM0403-POW14852A211-AAGKYY3M5	NA	197309	197309	188783	152187	145197	145169	144902
SMM0404-POW14852A212-AAGKYY3M5	NA	115676	115676	107957	92423	90737	90732	90248
SMM0405-POW14852A213-AAGKYY3M5	NA	171569	171569	163138	132111	122537	122493	122003
SMM0406-POW14852A214-AAGKYY3M5	NA	85284	85284	13378	11217	10171	10161	9722
SMM0407-POW14852A215-AAGKYY3M5	NA	225464	225464	212619	171740	152980	152886	152349
SMM0408-POW14852A216-AAGKYY3M5	NA	82737	82737	74141	60838	58565	58499	58030
SMM0409-POW14852A217-AAGKYY3M5	NA	176227	176227	156013	127669	120545	119635	119234
SMM0410-POW14852A218-AAGKYY3M5	NA	135087	135087	115757	104314	98331	98169	97559
SMM0411-POW14852A219-AAGKYY3M5	NA	161859	161859	151508	135760	130288	130150	129979
SMM0412-POW14852A220-AAGKYY3M5	NA	74256	74256	29742	24908	22851	22785	22485
SMM0413-POW14852A221-AAGKYY3M5	NA	171372	171372	157684	138011	51039	50955	50086
SMM0414-POW14852A222-AAGKYY3M5	NA	215015	215015	205198	188420	183349	183212	182938
SMM0415-POW14852A223-AAGKYY3M5	NA	152388	152388	131396	105072	103601	103580	103325
SMM0416-POW14852A224-AAGKYY3M5	NA	179967	179967	161008	124742	123684	48260	48054
SMM0417-POW14852A225-AAGKYY3M5	NA	217790	217790	206056	161654	21644	21330	21091
SMM0418-POW14852A226-AAGKYY3M5	NA	142689	142689	133461	107695	34000	33945	33455
SMM0419-POW14852A227-AAGKYY3M5	NA	123944	123944	115121	93797	64592	64443	64041
SMM0420-POW14852A228-AAGKYY3M5	NA	91223	91223	50166	41591	40610	40597	40237
SMM0421-POW14852A229-AAGKYY3M5	NA	237639	237639	225105	196317	169961	169683	169416
SMM0422-POW14852A230-AAGKYY3M5	NA	191562	191562	180371	151591	139052	138321	137884
SMM0423-POW14852A231-AAGKYY3M5	NA	227646	227646	215918	191855	66754	66597	66279
SMM0424-POW14852A232-AAGKYY3M5	NA	243777	243777	211290	181044	155581	138977	138579
SMM0425-POW14852A233-AAGKYY3M5	NA	204695	204695	183273	165856	149510	147155	146913
SMM0426-POW14852A234-AAGKYY3M5	NA	187704	187704	172105	151998	139024	138989	138092
SMM0427-POW14852A235-AAGKYY3M5	NA	157587	157587	138510	120987	99989	99617	98661
SMM0428-POW14852A236-AAGKYY3M5	NA	174152	174152	158888	141595	119520	118748	117925
SMM0429-POW14852A237-AAGKYY3M5	NA	176392	176392	162150	140505	107384	107344	106786
SMM0430-POW14852A238-AAGKYY3M5	NA	264714	264714	252555	214458	152111	144137	143684
SMM0431-POW14852A239-AAGKYY3M5	NA	226260	226260	206460	182071	161233	153183	152719
SMM0432-POW14852A240-AAGKYY3M5	NA	107131	107131	91263	72221	71490	71490	71299
SMM0433-POW14852A241-AAGKYY3M5	NA	101637	101637	71725	57423	56651	56651	56446
SMM0434-POW14852A242-AAGKYY3M5	NA	125813	125813	109932	87632	67728	67611	67389
SMM0435-POW14852A243-AAGKYY3M5	NA	213542	213542	201533	181860	169573	169393	169013
SMM0436-POW14852A244-AAGKYY3M5	NA	116778	116778	93562	74598	34722	34713	34348
SMM0437-POW14852A245-AAGKYY3M5	NA	221148	221148	211891	190270	120980	120865	119592
SMM0438-POW14852A246-AAGKYY3M5	NA	180426	180426	169523	146620	106356	104597	104318
SMM0439-POW14852A247-AAGKYY3M5	NA	231012	231012	193157	161365	146458	146303	145967
SMM0440-POW14852A248-AAGKYY3M5	NA	264523	264523	251981	197902	50664	50663	50474
SMM0441-POW14852A249-AAGKYY3M5	NA	102134	102134	75401	60482	57158	57154	56885
SMM0442-POW14852A250-AAGKYY3M5	NA	42038	42038	37433	32628	23995	23496	23356
SMM0443-POW14852A251-AAGKYY3M5	NA	276491	276491	267889	219718	214705	214693	214502
SMM0444-POW14852A252-AAGKYY3M5	NA	125555	125555	75324	67140	60980	60970	60554
SMM0445-POW14852A253-AAGKYY3M5	NA	267442	267442	257167	233950	225553	225306	225145
SMM0446-POW14852A254-AAGKYY3M5	NA	7580	7580	5945	4721	4277	4277	4189
SMM0447-POW14852A255-AAGKYY3M5	NA	218073	218073	209393	170802	167482	167440	167229
SMM0448-POW14852A256-AAGKYY3M5	NA	200078	200078	112299	93973	82683	82217	82030
SMM0449-POW14852A257-AAGKYY3M5	NA	286165	286165	268709	224066	183567	183006	182577
SMM0450-POW14852A258-AAGKYY3M5	NA	163483	163483	141264	118845	99164	98182	97764
SMM0451-POW14852A259-AAGKYY3M5	NA	169860	169860	159065	142388	108343	108296	107983
SMM0452-POW14852A260-AAGKYY3M5	NA	71377	71377	43750	38472	28255	28156	27695
SMM0453-POW14852A261-AAGKYY3M5	NA	189500	189500	177743	165284	124384	124300	123897
SMM0454-POW14852A262-AAGKYY3M5	NA	90525	90525	85135	69327	66252	66252	66067
SMM0455-POW14852A263-AAGKYY3M5	NA	142046	142046	132299	116384	83020	82568	81952
SMM0456-POW14852A264-AAGKYY3M5	NA	275166	275166	245187	191248	97588	97566	97277
SMM0457-POW14852A265-AAGKYY3M5	NA	241572	241572	227182	197027	152259	152184	151509
SMM0458-POW14852A266-AAGKYY3M5	NA	204788	204788	195646	172898	152386	152369	151946
SMM0459-POW14852A267-AAGKYY3M5	NA	103042	103042	88361	76964	55782	55624	55215
SMM0460-POW14852A268-AAGKYY3M5	NA	282656	282656	268744	250863	241183	239072	238808
SMM0461-POW14852A269-AAGKYY3M5	NA	36776	36776	34319	29299	26588	26585	26490
SMM0462-POW14852A270-AAGKYY3M5	NA	264240	264240	244526	201327	47201	45602	45180
SMM0463-POW14852A271-AAGKYY3M5	NA	221105	221105	210738	165562	162702	162675	162330
SMM0464-POW14852A272-AAGKYY3M5	NA	260292	260292	247885	221168	192386	191940	191467
SMM0465-POW14852A273-AAGKYY3M5	NA	169160	169160	54748	46778	35565	35380	35069
SMM0466-POW14852A274-AAGKYY3M5	NA	229291	229291	175355	152326	125792	125254	125011
SMM0467-POW14852A275-AAGKYY3M5	NA	162843	162843	155664	128724	127840	127772	127426
SMM0468-POW14852A276-AAGKYY3M5	NA	137335	137335	119423	99940	54656	54426	54247
SMM0469-POW14852A277-AAGKYY3M5	NA	252042	252042	240449	217655	204963	203309	203047
SMM0470-POW14852A278-AAGKYY3M5	NA	8713	8713	8012	7083	6619	6614	6534
SMM0471-POW14852A279-AAGKYY3M5	NA	114012	114012	2320	1994	1824	1824	1661
SMM0472-POW14852A280-AAGKYY3M5	NA	228056	228056	213503	168747	165689	165632	165388
SMM0473-POW14852A281-AAGKYY3M5	NA	36282	36282	29103	25271	23363	23319	23253
