barcode	sample	n_reads	n_resampled_reads	obs_richness_fungi	chao1_richness_fungi	obs_shannon_fungi	obs_richness_fungi_Ectomycorrhizal	obs_richness_fungi_PlantPathogen	obs_richness_fungi_WoodSaprotroph	obs_richness_fungi_ArbuscularMycorrhizal	obs_richness_fungi_OrchidMycorrhizal	chao1_richness_fungi_Ectomycorrhizal	chao1_richness_fungi_PlantPathogen	chao1_richness_fungi_WoodSaprotroph	chao1_richness_fungi_ArbuscularMycorrhizal	chao1_richness_fungi_OrchidMycorrhizal	obs_shannon_fungi_Ectomycorrhizal	obs_shannon_fungi_PlantPathogen	obs_shannon_fungi_WoodSaprotroph	obs_shannon_fungi_ArbuscularMycorrhizal	obs_shannon_fungi_OrchidMycorrhizal	relabund_fungi_Ectomycorrhizal	relabund_fungi_PlantPathogen	relabund_fungi_WoodSaprotroph	relabund_fungi_ArbuscularMycorrhizal	relabund_fungi_OrchidMycorrhizal
SMM0101-POW14852A1-AAGKYY3M5	NA	76140	5269	308	360	4.152670495667945	7	10	3	19	1	10	11	3	21	1	0.6466703878477403	1.2574857586201789	0.936888307539016	2.4805277058428334	0	0.14592855266614133	0.0137772524297347	9.981612818492252e-4	0.015103756238508011	3.677436301549777e-4
SMM0102-POW14852A2-AAGKYY3M5	NA	23392	5269	208	209	4.0068941164497245	6	12	6	20	1	6	12	6	20	1	1.5136979158274142	1.8884249110040576	1.5513214280332834	2.5217887247799036	0	0.055660054719562244	0.02171682626538988	0.03142099863201094	0.04882010943912449	5.984952120383037e-4
SMM0103-POW14852A3-AAGKYY3M5	NA	43849	5269	219	236	3.4287810882111756	4	5	3	4	0	4	5	3	5	0	1.0143243685692334	1.1492919029876927	1.0114042647073518	1.3208883431493221	0	0.005929439667951379	0.005678578758922666	0.0027366644621314054	0.0016419986772788432	0
SMM0104-POW14852A4-AAGKYY3M5	NA	30498	5269	193	205	3.206979218340932	4	5	8	24	0	4	6	8	27	0	0.8946546265510223	1.4655981916861642	1.5016956386866847	2.7018194604898222	0	0.09354711784379303	0.004787199160600695	0.017017509344875073	0.0552167355236409	0
SMM0105-POW14852A5-AAGKYY3M5	NA	43164	5269	280	293	4.219772333642854	5	11	4	45	0	5	11	4	45	0	0.861157765070562	1.7421903541759372	1.0378619511551186	2.7771512440107387	0	0.020456862199981465	0.020873876378463534	0.012417755537021593	0.10367435826151422	0
SMM0106-POW14852A6-AAGKYY3M5	NA	40905	5269	221	235	3.8810276964663406	3	9	4	21	0	3	9	4	24	0	0.5229547888112149	1.268050082190158	0.22599739407389804	2.7692700775070014	0	0.017895122845617895	0.02701381249236035	0.10253025302530253	0.02498472069429165	0
SMM0107-POW14852A7-AAGKYY3M5	NA	63079	5269	276	318	3.843315790293474	11	7	2	9	0	12	8	3	10	0	1.9744147945483341	1.6754716624991728	0.5004024235381879	1.9170677402257084	0	0.024144326955088065	0.00505715055723775	7.450974175240571e-4	0.003947430999223196	0
SMM0108-POW14852A8-AAGKYY3M5	NA	72220	5269	270	305	4.05761700774563	8	3	2	13	0	11	3	2	13	0	1.0209312518568228	0.3330110964801871	0.28140183959141857	2.4984339606001478	0	0.10325394627527001	0.006397119911381889	0.008211021877596234	0.005898643035170313	0
SMM0109-POW14852A9-AAGKYY3M5	NA	19142	5269	114	114	3.7303560865164447	1	1	1	0	0	1	1	1	0	0	0	0	0	0	0	0.0024030926757914535	0.0012537874830216278	0.0018806812245324418	0	0
SMM0110-POW14852A10-AAGKYY3M5	NA	36242	5269	118	123	3.7047447151218607	0	3	0	0	0	0	4	0	0	0	0	0.6698932216137069	0	0	0	0	0.021439214171403344	0	0	0
SMM0111-POW14852A11-AAGKYY3M5	NA	8105	5269	100	100	3.7334284333920675	0	1	2	0	0	0	1	2	0	0	0	0	0.43849404575497475	0	0	0	0.001974090067859346	0.020727945712523135	0	0
SMM0112-POW14852A12-AAGKYY3M5	NA	3266	0	NA	NA	NA	NA	NA	NA	NA	NA	NA	NA	NA	NA	NA	NA	NA	NA	NA	NA	NA	NA	NA	NA	NA
SMM0113-POW14852A13-AAGKYY3M5	NA	50907	5269	219	237	4.368601668679213	1	2	2	0	0	2	2	2	0	0	0	0.37677016125643675	0.05943229865313004	0	0	5.69666254149724e-4	0.00202329738542833	0.017561435558960458	0	0
SMM0114-POW14852A14-AAGKYY3M5	NA	16069	5269	72	72	3.3024119086923487	0	7	2	0	0	0	7	2	0	0	0	1.695163866372435	0.410116318288409	0	0	0	0.028626548011699546	0.009334743916858547	0	0
SMM0115-POW14852A15-AAGKYY3M5	NA	6226	5269	41	41	2.6604237385192997	0	0	0	1	0	0	0	0	1	0	0	0	0	0	0	0	0	0	0.0024092515258592995	0
SMM0116-POW14852A16-AAGKYY3M5	NA	4957	0	NA	NA	NA	NA	NA	NA	NA	NA	NA	NA	NA	NA	NA	NA	NA	NA	NA	NA	NA	NA	NA	NA	NA
SMM0117-POW14852A17-AAGKYY3M5	NA	8509	5269	55	55	3.026618051418736	2	2	0	0	0	2	2	0	0	0	0.6365141682948128	0.47061498118148126	0	0	0	0.00411329180867317	0.022799388882359856	0	0	0
SMM0118-POW14852A18-AAGKYY3M5	NA	17931	5269	166	166	4.100534003459254	1	4	3	0	0	1	4	3	0	0	0	1.2819409600370977	0.9840865030829146	0	0	0.03307121744464893	0.0122692543639507	0.0031230829290056325	0	0
SMM0119-POW14852A19-AAGKYY3M5	NA	10016	5269	92	92	3.488195867549317	1	2	1	0	0	1	2	1	0	0	0	0.6365141682948128	0	0	0	0.0033945686900958465	0.0036940894568690094	0.027855431309904154	0	0
SMM0120-POW14852A20-AAGKYY3M5	NA	5269	5269	80	80	3.7442494097153527	0	4	1	0	0	0	4	1	0	0	0	1.2238482412797238	0	0	0	0	0.022964509394572025	0.005693680015183147	0	0
SMM0121-POW14852A21-AAGKYY3M5	NA	13268	5269	126	126	3.7592765386188076	2	2	0	0	0	2	2	0	0	0	0.2787693717685874	0.40118986218700575	0	0	0	0.010325595417545975	0.0050497437443473014	0	0	0
SMM0122-POW14852A22-AAGKYY3M5	NA	10769	5269	122	122	3.888882132760238	2	1	0	0	0	2	1	0	0	0	0.6108643020548935	0	0	0	0	0.006500139288699043	9.285913269570063e-4	0	0	0
SMM0123-POW14852A23-AAGKYY3M5	NA	11178	5269	91	91	3.208017818054289	1	2	1	0	0	1	2	1	0	0	0	0.39267446722755217	0	0	0	8.946144211844695e-4	0.005904455179817499	0.001699767400250492	0	0
SMM0124-POW14852A24-AAGKYY3M5	NA	9235	5269	65	65	2.146708928177679	1	1	0	0	0	1	1	0	0	0	0	0	0	0	0	0.024796968056307527	0.0035733622089875474	0	0	0
SMM0125-POW14852A25-AAGKYY3M5	NA	17803	5269	134	134	3.9000183255303336	1	5	1	0	0	1	5	1	0	0	0	1.49830765548398	0	0	0	0.0011795764758748526	0.008706397798123912	0.0018536201763747684	0	0
SMM0126-POW14852A26-AAGKYY3M5	NA	11111	5269	82	82	3.593669988264227	0	0	0	0	0	0	0	0	0	0	0	0	0	0	0	0	0	0	0	0
SMM0127-POW14852A27-AAGKYY3M5	NA	12314	5269	106	106	3.7184835538780514	4	5	2	0	0	4	5	2	0	0	0.851160725239683	1.2347632395170907	0.6842317651303003	0	0	0.04174110768231282	0.023550430404417736	0.005278544745817768	0	0
SMM0128-POW14852A28-AAGKYY3M5	NA	3326	0	NA	NA	NA	NA	NA	NA	NA	NA	NA	NA	NA	NA	NA	NA	NA	NA	NA	NA	NA	NA	NA	NA	NA
SMM0129-POW14852A29-AAGKYY3M5	NA	10386	5269	113	113	4.009898799128882	1	2	2	0	0	1	2	2	0	0	0	0.6869615765973234	0.47223485738497994	0	0	0.0018293857115347584	0.0035624879645676875	0.01251684960523782	0	0
SMM0130-POW14852A30-AAGKYY3M5	NA	1570	0	NA	NA	NA	NA	NA	NA	NA	NA	NA	NA	NA	NA	NA	NA	NA	NA	NA	NA	NA	NA	NA	NA	NA
SMM0131-POW14852A31-AAGKYY3M5	NA	61182	5269	165	183	3.592875750422714	2	7	0	0	0	2	7	0	0	0	0.6931471805599453	0.3004797420706125	0	0	0	5.557190023209441e-4	0.08852276813441862	0	0	0
SMM0132-POW14852A32-AAGKYY3M5	NA	15327	5269	95	95	3.6922087864942523	2	2	1	0	0	2	2	1	0	0	0.2777962155450131	0.5253213195155949	0	0	0	0.03725451817054871	0.005350035884387029	0.010634827428720559	0	0
SMM0133-POW14852A33-AAGKYY3M5	NA	25210	5269	135	137	3.8679157344175827	0	5	2	0	0	0	5	2	0	0	0	1.2197834934478216	0.06160671047278964	0	0	0	0.0062276874256247524	0.03328044426814756	0	0
SMM0134-POW14852A34-AAGKYY3M5	NA	10970	5269	77	77	3.2867808589165675	0	0	1	0	0	0	0	1	0	0	0	0	0	0	0	0	0	0.0097538742023701	0	0
SMM0135-POW14852A35-AAGKYY3M5	NA	25628	5269	119	120	3.3638172226602494	0	1	2	0	0	0	1	2	0	0	0	0	0.03896898290828606	0	0	0	3.9019822069611364e-4	0.03343998751365694	0	0
SMM0136-POW14852A36-AAGKYY3M5	NA	21598	5269	118	119	3.5948549726942054	0	1	1	0	0	0	1	1	0	0	0	0	0	0	0	0	8.334105009723123e-4	0.007222891008426706	0	0
SMM0137-POW14852A37-AAGKYY3M5	NA	43129	5269	104	108	3.456754691666083	1	1	2	0	0	1	1	2	0	0	0	0	0.2337916587064593	0	0	5.79656379698115e-4	0.001553479097590948	0.005356024948410582	0	0
SMM0138-POW14852A38-AAGKYY3M5	NA	46529	5269	241	263	3.8087936364721084	20	6	2	0	0	21	7	2	0	0	1.53742463632681	1.6170531525095537	0.6829081047004717	0	0	0.3768402501665628	0.003438715639708569	6.662511551935352e-4	0	0
SMM0139-POW14852A39-AAGKYY3M5	NA	32199	5269	195	202	3.8728769988166523	18	4	2	2	1	18	4	2	2	1	2.1067614772467684	0.9828476107263153	0.6853142072764582	0.6365141682948128	0	0.18808037516693066	0.004130563060964626	0.002049753097922296	6.832510326407653e-4	4.3479611168048695e-4
SMM0140-POW14852A40-AAGKYY3M5	NA	57419	5269	243	276	3.327499745699362	16	3	2	0	0	18	4	2	0	0	0.5167757410646273	0.760148941402756	0.6365141682948128	0	0	0.4271756735575332	0.006200038314843519	6.618018425956565e-4	0	0
SMM0141-POW14852A41-AAGKYY3M5	NA	63012	5269	369	426	4.745820720745756	26	6	2	0	1	29	7	3	0	1	2.5166858596742427	1.5204138808552452	0.09962338946616205	0	0	0.1343077509045896	0.007363676759982226	0.011854884783850696	0	2.6978988129245225e-4
SMM0142-POW14852A42-AAGKYY3M5	NA	33526	5269	253	262	4.323891752354495	15	4	1	0	1	16	5	1	0	1	0.9182946906306605	1.23834687420081	0	0	0	0.19208972141024877	0.004921553421225318	0.0013422418421523594	0	0.0015212074211060074
SMM0143-POW14852A43-AAGKYY3M5	NA	55937	5269	368	411	4.913180645253882	14	6	5	0	0	14	7	6	0	0	1.7071824933241402	1.2516967456495947	0.9896036479566029	0	0	0.0955360494842412	0.016733110463557216	0.0157677387060443	0	0
SMM0144-POW14852A44-AAGKYY3M5	NA	23904	5269	231	233	3.9853436788096297	8	13	4	0	0	8	13	4	0	0	1.0724379480907733	2.0206379814749766	1.3261058289572614	0	0	0.13596050870147255	0.06994645247657295	0.0039323962516733604	0	0
SMM0145-POW14852A45-AAGKYY3M5	NA	92664	5269	220	274	3.184508574017387	20	6	5	0	0	24	8	5	0	1	1.277356540386619	1.710493230055004	0.4017171580977872	0	0	0.4905141155141155	0.002061210394543728	0.0867974617974618	0	1.8345851679185012e-4
SMM0146-POW14852A46-AAGKYY3M5	NA	26915	5269	231	234	3.857728458500408	15	6	5	2	0	15	6	5	2	0	2.1885601068382283	1.6018777863918963	1.4315524972108729	0.6730116670092565	0	0.04120378970834107	0.01827976964517927	0.004532788407950957	0.001114620100315809	0
SMM0147-POW14852A47-AAGKYY3M5	NA	27288	5269	297	303	4.713764030554148	20	7	4	3	1	20	7	4	3	1	2.2662684433995195	1.2508722312716165	1.020036958401841	1.0114042647073518	0	0.10975520375256523	0.01128701260627382	0.00395778364116095	0.001575784227499267	0.0022354148343594255
SMM0148-POW14852A48-AAGKYY3M5	NA	90402	5269	322	396	4.212983279925886	16	12	2	2	0	17	13	4	8	0	2.396954331612167	1.852440346645023	0.6365141682948128	0.6931471805599453	0	0.014490829848897149	0.024545917125727307	0.0012720957500940244	0.0016150085175106745	0
SMM0149-POW14852A49-AAGKYY3M5	NA	39138	5269	149	155	3.5155187908707988	0	4	2	0	1	0	4	2	0	1	0	0.35769287524488114	0.6693279632926454	0	0	0	0.11462006234350249	0.0096325821452297	0	0.001022024630793602
SMM0150-POW14852A50-AAGKYY3M5	NA	40145	5269	157	164	3.9077151046964964	0	6	0	0	0	0	6	0	0	0	0	0.7505856022921663	0	0	0	0	0.05709303773819903	0	0	0
SMM0151-POW14852A51-AAGKYY3M5	NA	54060	5269	129	146	3.076473863492763	0	4	1	0	0	0	5	1	0	0	0	0.9881150816720361	0	0	0	0	0.059304476507584164	5.179430262671106e-4	0	0
SMM0152-POW14852A52-AAGKYY3M5	NA	22369	5269	112	112	3.2427228101160335	0	5	0	0	0	0	5	0	0	0	0	0.29131553763765994	0	0	0	0	0.0646877374938531	0	0	0
SMM0153-POW14852A53-AAGKYY3M5	NA	44093	5269	136	141	3.430242832393423	0	3	0	0	0	0	3	0	0	0	0	0.1335492765955963	0	0	0	0	0.08395890504161659	0	0	0
SMM0154-POW14852A54-AAGKYY3M5	NA	22952	5269	111	112	3.538508363266073	3	4	0	0	0	3	4	0	0	0	0.8033149761408755	0.3812641925506322	0	0	0	0.004444057162774486	0.0576420355524573	0	0	0
SMM0155-POW14852A55-AAGKYY3M5	NA	52841	5269	154	166	3.5839943194240043	0	4	0	0	0	0	5	0	0	0	0	0.4532132987605482	0	0	0	0	0.04780378872466456	0	0	0
SMM0156-POW14852A56-AAGKYY3M5	NA	9923	5269	68	68	2.1861416030875516	1	4	0	2	0	1	4	0	2	0	0	1.2588473036026393	0	0.6108643020548935	0	0.007155094225536632	0.007658974100574423	0	0.002519399375188955	0
SMM0157-POW14852A57-AAGKYY3M5	NA	12029	5269	103	103	3.562540717246641	2	6	0	3	0	2	6	0	3	0	0.5195798391305154	1.6699528831980752	0	1.0211480832143913	0	0.01338432122370937	0.048632471527142736	0	0.009809626735389475	0
SMM0158-POW14852A58-AAGKYY3M5	NA	3060	0	NA	NA	NA	NA	NA	NA	NA	NA	NA	NA	NA	NA	NA	NA	NA	NA	NA	NA	NA	NA	NA	NA	NA
SMM0159-POW14852A59-AAGKYY3M5	NA	8166	5269	48	48	2.410352910678401	0	5	0	3	0	0	5	0	3	0	0	1.0743190640437805	0	1.0827973327971723	0	0	0.06343374969385256	0	0.01408278226794024	0
SMM0160-POW14852A60-AAGKYY3M5	NA	4483	0	NA	NA	NA	NA	NA	NA	NA	NA	NA	NA	NA	NA	NA	NA	NA	NA	NA	NA	NA	NA	NA	NA	NA
SMM0161-POW14852A61-AAGKYY3M5	NA	2493	0	NA	NA	NA	NA	NA	NA	NA	NA	NA	NA	NA	NA	NA	NA	NA	NA	NA	NA	NA	NA	NA	NA	NA
SMM0162-POW14852A62-AAGKYY3M5	NA	17919	5269	149	149	3.5167396742541635	1	2	0	0	0	1	2	0	0	0	0	0.12974069471942834	0	0	0	0.0016183938835872538	0.0065293822199899544	0	0	0
SMM0163-POW14852A63-AAGKYY3M5	NA	25818	5269	180	181	3.801842434499987	0	3	4	0	0	0	3	4	0	0	0	1.0928305535284886	1.173206116185261	0	0	0	0.0015493066852583469	0.007126810752188396	0	0
SMM0164-POW14852A64-AAGKYY3M5	NA	15243	5269	96	96	3.3958074008672336	1	5	0	11	0	1	5	0	11	0	0	0.9828924058701072	0	1.7382646188064492	0	0.001049662139998688	0.01738502919372827	0	0.06265170898117169	0
SMM0165-POW14852A65-AAGKYY3M5	NA	66054	5269	324	370	4.0795943272811686	18	6	1	0	0	19	7	3	0	0	2.0903761752823162	1.6911392365898945	0	0	0	0.057029097405153356	0.005813425379235172	6.055651436703304e-4	0	0
SMM0166-POW14852A66-AAGKYY3M5	NA	14658	5269	133	133	4.065599818941891	1	7	2	12	0	1	7	2	12	0	0	1.3801952372099735	0.6730116670092565	2.1894451080904678	0	0.01760130986492018	0.06638013371537727	0.0017055532814845135	0.05703370173284213	0
SMM0167-POW14852A67-AAGKYY3M5	NA	19011	5269	188	188	3.944553129000328	11	6	3	2	2	11	6	3	2	2	1.7644570531840542	1.4116313306084791	1.0608569471580214	0.6931471805599453	0.5297061990576545	0.041554889274630476	0.013834096049655463	0.0016832360212508549	0.0016306348955867655	0.0011572247646099627
SMM0168-POW14852A68-AAGKYY3M5	NA	17208	5269	175	175	3.536119680157711	12	3	4	0	1	12	3	4	0	1	0.942926683868148	0.6561457360340647	1.2018230237648535	0	0	0.4586238958623896	0.009414225941422594	0.004474662947466295	0	0.003719200371920037
SMM0169-POW14852A69-AAGKYY3M5	NA	15436	5269	189	190	3.7292962859693706	8	4	5	0	0	8	4	5	0	0	1.5954696797651162	1.0552446580008612	1.473030954692558	0	0	0.032780513086291783	0.0111427831044312	0.008292303705623219	0	0
SMM0170-POW14852A70-AAGKYY3M5	NA	11769	5269	110	110	3.742970519181304	1	2	0	1	0	1	2	0	1	0	0	0.45911092284604993	0	0	0	0.044863624776956414	0.018098394086158553	0	0.0012745347947998981	0
SMM0171-POW14852A71-AAGKYY3M5	NA	15379	5269	164	164	3.9640975238369	5	1	2	12	0	5	1	2	12	0	1.0795500659728854	0	0.37248071845219055	2.322169130935816	0	0.033422199102672474	7.152610702906561e-4	0.010273749918720333	0.02360361531959165	0
SMM0172-POW14852A72-AAGKYY3M5	NA	27630	5269	178	181	3.7638917430632324	1	6	0	22	0	1	6	0	22	0	0	1.367739984133728	0	2.581694976684139	0	0.0043431053203040176	0.016865725660513933	0	0.18487151646760766	0
SMM0173-POW14852A73-AAGKYY3M5	NA	33291	5269	175	185	4.037818230687644	2	2	0	8	0	3	3	1	8	0	0.6929444732904678	0.6806294878916634	0	1.778373981283971	0	0.028446126580757562	0.0075095371121324085	3.3041963293382594e-4	0.05232645459733862	0
SMM0174-POW14852A74-AAGKYY3M5	NA	29000	5269	172	178	3.7118966031038596	0	7	0	25	0	0	8	0	25	0	0	1.4383386375473386	0	2.595346155788111	0	0	0.013	0	0.12144827586206897	0
SMM0175-POW14852A75-AAGKYY3M5	NA	7033	5269	106	106	3.8793854730825097	4	3	0	0	0	4	3	0	0	0	1.2756032799932737	1.0090026639034555	0	0	0	0.032560784871320914	0.009953078344945259	0	0	0
SMM0176-POW14852A76-AAGKYY3M5	NA	35259	5269	129	134	1.8256324102347623	3	3	1	9	0	3	3	1	9	0	0.9214934308679616	1.0851886129676505	0	1.87417844869401	0	0.0019002240562693213	0.0034033863694375903	2.8361553078646586e-4	0.02217873450750163	0
SMM0177-POW14852A77-AAGKYY3M5	NA	18894	5269	103	103	2.442307802949765	0	5	0	2	0	0	5	0	2	0	0	1.4024664698394922	0	0.6108643020548935	0	0	0.007674393987509263	0	0.0015878056525881232	0
SMM0178-POW14852A78-AAGKYY3M5	NA	38415	5269	192	203	4.381383992673725	1	7	0	9	0	1	7	0	9	0	0	0.9267676195191331	0	1.738518780441444	0	7.028504490433424e-4	0.048965247950019525	0	0.03235715215410647	0
SMM0179-POW14852A79-AAGKYY3M5	NA	9361	5269	111	111	3.8659987318749347	1	2	0	0	0	1	2	0	0	0	0	0.21709026387338634	0	0	0	0.0880247836769576	0.02531780792650358	0	0	0
SMM0180-POW14852A80-AAGKYY3M5	NA	12538	5269	113	113	3.916458408346519	3	5	1	0	0	3	5	1	0	0	0.9093240655967034	0.36879581872455186	0	0	0	0.013319508693571543	0.10902855319827724	0.0011166055192215665	0	0
SMM0181-POW14852A81-AAGKYY3M5	NA	12973	5269	155	155	4.274660909689749	0	8	0	3	0	0	8	0	3	0	0	0.8592304231836924	0	1.0774012677912757	0	0	0.07654359053418638	0	0.0076312341015956214	0
SMM0182-POW14852A82-AAGKYY3M5	NA	10691	5269	124	124	3.905583891059043	2	3	1	0	0	2	3	1	0	0	0.6615632381579821	0.831866112552302	0	0	0	0.0022448788700776354	0.012346833785426994	0.001215976054625386	0	0
SMM0183-POW14852A83-AAGKYY3M5	NA	13327	5269	126	126	4.014204595782593	3	1	0	1	0	3	1	0	1	0	0.39873400574264073	0	0	0	0	0.0538755909056802	9.754633450889173e-4	0	0.003901853380355669	0
SMM0184-POW14852A84-AAGKYY3M5	NA	9387	5269	135	135	4.030183340928352	0	1	0	2	0	0	1	0	2	0	0	0	0	0.6482791673644765	0	0	0.0020240758495792053	0	0.005965697240865026	0
SMM0185-POW14852A85-AAGKYY3M5	NA	11824	5269	144	144	3.8600327137745842	3	5	0	6	0	3	5	0	6	0	0.5149511216580849	1.3775018848524132	0	1.5550129129046566	0	0.18090324763193505	0.017422192151556156	0	0.016830175913396483	0
SMM0186-POW14852A86-AAGKYY3M5	NA	3073	0	NA	NA	NA	NA	NA	NA	NA	NA	NA	NA	NA	NA	NA	NA	NA	NA	NA	NA	NA	NA	NA	NA	NA
SMM0187-POW14852A87-AAGKYY3M5	NA	8199	5269	125	125	3.891257123561896	0	3	1	0	0	0	3	1	0	0	0	1.0114042647073518	0	0	0	0	0.004634711550189048	0.003049152335650689	0	0
SMM0188-POW14852A88-AAGKYY3M5	NA	24726	5269	241	246	4.242443312722316	0	13	8	1	0	0	13	8	1	0	0	2.224973219479968	1.8082019237207938	0	0	0	0.015166221790827468	0.012618296529968454	5.257623554153522e-4	0
SMM0189-POW14852A89-AAGKYY3M5	NA	17501	5269	185	185	4.134687531168359	0	4	7	0	0	0	4	7	0	0	0	0.785017284040712	1.1780494083768638	0	0	0	0.008570938803496943	0.018398948631506772	0	0
SMM0190-POW14852A90-AAGKYY3M5	NA	21791	5269	266	268	4.692060892328335	1	14	8	0	0	1	14	8	0	0	0	2.3523946914455838	1.721232935011031	0	0	4.589050525446285e-4	0.024367858290119775	0.017300720480932494	0	0
SMM0191-POW14852A91-AAGKYY3M5	NA	5391	5269	115	115	4.014798566739158	0	5	5	0	0	0	5	5	0	0	0	1.4986390943606471	1.3800227313918225	0	0	0	0.024670747542199962	0.026340196624002967	0	0
SMM0192-POW14852A92-AAGKYY3M5	NA	21601	5269	117	118	3.606158269182553	2	8	0	1	0	2	8	0	1	0	0.47413931305783735	0.7627482006753457	0	0	0	0.011203185037729735	0.11337438081570297	0	0.002731355029859729	0
SMM0193-POW14852A93-AAGKYY3M5	NA	8181	5269	92	92	3.7291878907387543	1	5	0	4	0	1	5	0	4	0	0	1.4709107275295463	0	1.236023009786142	0	0.0013445789023346778	0.038626084830705294	0	0.05598337611538932	0
SMM0194-POW14852A94-AAGKYY3M5	NA	6460	5269	74	74	3.6086001012384514	1	4	0	1	0	1	4	0	1	0	0	1.160262007085718	0	0	0	0.0017027863777089784	0.04055727554179567	0	0.0030959752321981426	0
SMM0195-POW14852A95-AAGKYY3M5	NA	54520	5269	100	107	2.3801696668613634	0	5	0	0	0	0	5	0	0	0	0	1.5200422283563755	0	0	0	0	0.012912692589875275	0	0	0
SMM0196-POW14852A96-AAGKYY3M5	NA	33554	5269	171	173	4.194029912453448	1	10	2	5	0	1	10	2	5	0	0	1.5517831719840525	0.1985152433458726	1.2937142142668092	0	0.0013411217738570661	0.09447457829170888	0.003427311199856947	0.12830064969899266	0
SMM0197-POW14852A97-AAGKYY3M5	NA	73899	5269	138	148	3.397326046046039	4	8	1	4	0	5	9	1	4	0	0.07330279748818543	0.5391109615378311	0	1.2536356353670712	0	0.1452117078715544	0.22258758575894125	2.4357569114602363e-4	0.009580643851743596	0
SMM0198-POW14852A98-AAGKYY3M5	NA	22354	5269	115	117	3.1884135017742565	5	3	0	3	0	5	3	0	3	0	0.18354039184913704	0.8787513508906516	0	0.923840705630872	0	0.16636843517938624	0.00760490292565089	0	0.004652411201574662	0
SMM0199-POW14852A99-AAGKYY3M5	NA	74042	5269	176	184	3.864381561854969	2	14	0	0	0	2	15	0	0	0	0.48257756517701206	2.262494255941275	0	0	0	0.0028497339347937655	0.03942357040598579	0	0	0
SMM0200-POW14852A100-AAGKYY3M5	NA	77197	5269	341	423	4.308418260670619	16	9	5	13	0	18	13	8	14	0	2.174082193398176	1.8601761318240015	1.579233134611339	2.1892145251162614	0	0.06930321126468646	0.009806080547171522	0.004650439783929428	0.006774874671295517	0
SMM0201-POW14852A101-AAGKYY3M5	NA	24207	5269	129	132	3.223811379973561	2	11	1	4	0	2	12	1	4	0	0.410116318288409	1.628806522170642	0	1.3410396257698323	0	0.0019828975089850043	0.04705250547362333	7.022762010988557e-4	0.007683727847316892	0
SMM0202-POW14852A102-AAGKYY3M5	NA	60093	5269	127	145	2.0230737913638284	2	8	0	9	0	2	11	0	9	0	0.5982695885852573	0.6795227536656525	0	1.6561237654605638	0	8.653254122776363e-4	0.02752400445975405	0	0.015575857420997454	0
SMM0203-POW14852A103-AAGKYY3M5	NA	37019	5269	179	187	3.8868871971681225	2	8	0	8	0	2	8	0	8	0	0.07005428087549845	1.5601718780035152	0	1.3221109872565922	0	0.016342959021043248	0.05108187687403765	0	0.0561063237796807	0
SMM0204-POW14852A104-AAGKYY3M5	NA	3585	0	NA	NA	NA	NA	NA	NA	NA	NA	NA	NA	NA	NA	NA	NA	NA	NA	NA	NA	NA	NA	NA	NA	NA
SMM0205-POW14852A105-AAGKYY3M5	NA	14814	5269	127	128	3.8793733387859852	1	3	1	0	0	1	3	1	0	0	0	1.0376517997982746	0	0	0	0.01707843931416228	0.003915215336843527	0.001012555690562981	0	0
SMM0206-POW14852A106-AAGKYY3M5	NA	58544	5269	127	137	2.5016931652255656	2	9	2	4	0	2	9	2	4	0	0.45056120886630463	1.145467048036027	0.45056120886630463	1.3618543431462207	0	0.0018618474993167531	0.03848387537578574	0.0013323312380431813	0.007037441924022957	0
SMM0207-POW14852A107-AAGKYY3M5	NA	17215	5269	100	100	3.3348395615314432	1	4	1	6	0	1	4	1	6	0	0	1.0729097977758755	0	1.516578790065388	0	0.0024397327911704907	0.02207377287249492	8.13244263723497e-4	0.007435376125471972	0
SMM0208-POW14852A108-AAGKYY3M5	NA	51946	5269	107	121	1.6427707600022465	1	5	0	9	0	1	5	0	10	0	0	0.5293460693255639	0	1.8941891612943202	0	0.03006968775266623	0.014457321064182035	0	0.007777307203634544	0
SMM0209-POW14852A109-AAGKYY3M5	NA	60167	5269	181	192	3.4152606164344106	6	6	1	2	0	6	6	1	2	0	1.4832919483299585	1.144961720671669	0	0.6829081047004717	0	0.019545598085329168	0.02948460119334519	5.983346352651786e-4	0.003440424152774777	0
SMM0210-POW14852A110-AAGKYY3M5	NA	5963	5269	106	106	3.9526946694824567	1	4	3	1	0	1	4	3	1	0	0	1.1428790959447217	0.5952071284821177	0	0	0.003018614791212477	0.02448431997316787	0.01827938956900889	0.002012409860808318	0
SMM0211-POW14852A111-AAGKYY3M5	NA	42208	5269	317	341	4.367061541403555	1	15	10	0	0	2	16	10	0	0	0	2.435817659790115	1.9585494235449092	0	0	0.0024639878695981803	0.016086997725549657	0.01163286580742987	0	0
SMM0212-POW14852A112-AAGKYY3M5	NA	11412	5269	96	96	3.3976965912815995	1	3	0	8	0	1	3	0	8	0	0	0.565278399358223	0	1.6778484574151984	0	0.20899053627760253	0.02830354013319313	0	0.026726253066947075	0
SMM0213-POW14852A113-AAGKYY3M5	NA	160421	5269	137	210	2.2197680504542987	4	13	1	13	0	4	18	2	22	0	0.2275534895958669	1.156804265753224	0	2.405842666169204	0	0.04628446400408924	0.10069130600108464	0.5335710411978482	0.010665685913938948	0
SMM0214-POW14852A114-AAGKYY3M5	NA	127384	5269	124	175	2.085610279735912	9	11	2	6	0	10	15	4	8	0	0.522630867134081	1.827416502213954	0.6931471805599453	1.5992212565872683	0	0.3604848332600641	0.013949946618099604	5.495195628964391e-4	0.0026690950197827044	0
SMM0215-POW14852A115-AAGKYY3M5	NA	113470	5269	244	288	3.9578428934789778	4	14	3	13	0	6	15	3	16	0	0.06040535452592079	1.8154397794134727	1.0114042647073518	2.3671063895605196	0	0.1657971269939191	0.08175729267647837	0.0012690579007667226	0.014241649775270997	0
SMM0216-POW14852A116-AAGKYY3M5	NA	92482	5269	136	178	2.179746237953038	3	10	1	16	0	3	13	1	22	0	0.4631574635987959	1.3196900612167966	0	2.322941196704064	0	0.6020198525118401	0.027043100278973206	1.5138080923855453e-4	0.015797668735537725	0
SMM0217-POW14852A117-AAGKYY3M5	NA	142077	5269	217	295	3.394192945386788	8	16	4	19	0	9	19	5	25	0	0.7249842117159528	1.5984930543994273	1.242453324894	1.34608339261562	0	0.26588399248294936	0.0795906445096673	0.0012035727105724362	0.29175024810490086	0
SMM0218-POW14852A118-AAGKYY3M5	NA	124257	5269	178	238	2.439395041286853	4	5	2	52	0	5	7	4	71	0	0.1285378810499054	1.1867341244604843	0.30463609734923813	3.399699943251175	0	0.5094119445986947	0.004386070804864113	0.004104396532992105	0.0625799753736208	0
SMM0219-POW14852A119-AAGKYY3M5	NA	46828	5269	51	53	2.3794369426566577	0	0	1	0	0	0	0	1	0	0	0	0	0	0	0	0	0	0.004911591355599214	0	0
SMM0221-POW14852A121-AAGKYY3M5	NA	141323	5269	157	216	3.1339521808234108	1	1	3	2	0	1	2	4	3	0	0	0	0.9174021803627407	0.439669879401343	0	0.002122796713910687	0.0061702624484337295	0.003743198205529178	0.005363599697147669	0
SMM0222-POW14852A122-AAGKYY3M5	NA	18976	5269	77	78	3.5530582881410586	1	1	0	2	0	1	1	0	2	0	0	0	0	0.6931352828328075	0	0.07514755480607083	0.0035834738617200675	0	0.040103288364249576	0
SMM0223-POW14852A123-AAGKYY3M5	NA	61216	5269	127	136	3.4504281967067554	3	2	0	2	0	3	2	1	2	0	0.7400116657311007	0.5004024235381879	0	0.6931471805599453	0	0.006632253005750131	0.0015028750653423941	3.430475692629378e-4	6.044171458442237e-4	0
SMM0224-POW14852A124-AAGKYY3M5	NA	2132	0	NA	NA	NA	NA	NA	NA	NA	NA	NA	NA	NA	NA	NA	NA	NA	NA	NA	NA	NA	NA	NA	NA	NA
SMM0225-POW14852A125-AAGKYY3M5	NA	48899	5269	114	124	2.3784263716986214	1	3	1	2	0	1	4	1	2	0	0	1.0397207708399179	0	0.6869615765973234	0	0.23534223603754678	0.0017587271723348125	0.0013088202212724186	0.0024744882308431666	0
SMM0226-POW14852A126-AAGKYY3M5	NA	113878	5269	232	272	3.988000486666004	1	9	1	3	0	1	9	3	3	0	0	2.0153845295292134	0	1.0114042647073518	0	0.0019055480426421257	0.011134723124747536	9.132580480865488e-4	6.673808812940164e-4	0
SMM0228-POW14852A128-AAGKYY3M5	NA	113678	5269	85	101	2.4835524647817553	0	7	0	0	0	0	9	0	0	0	0	1.5900695525615784	0	0	0	0	0.00991396752229983	0	0	0
SMM0230-POW14852A130-AAGKYY3M5	NA	6462	5269	35	35	2.3048548083029643	0	3	0	0	0	0	3	0	0	0	0	0.38962251485173705	0	0	0	0	0.11544413494274218	0	0	0
SMM0231-POW14852A131-AAGKYY3M5	NA	78223	5269	161	173	2.876775524787353	3	10	0	0	0	3	12	0	0	0	0.7340755387681392	1.1310514913291323	0	0	0	0.006839420630760774	0.06656609948480625	0	0	0
SMM0232-POW14852A132-AAGKYY3M5	NA	42167	5269	78	81	2.5139475193598373	0	5	1	0	0	0	5	1	0	0	0	1.0196918426003674	0	0	0	0	0.028268551236749116	4.5058932340455806e-4	0	0
SMM0233-POW14852A133-AAGKYY3M5	NA	11364	5269	27	27	1.2010653407925267	0	3	0	0	0	0	3	0	0	0	0	0.7819993918079264	0	0	0	0	0.021735304470256952	0	0	0
SMM0234-POW14852A134-AAGKYY3M5	NA	48014	5269	102	110	3.139877393949579	2	8	1	0	0	2	9	1	0	0	0.5297061990576545	0.7817422504220307	0	0	0	0.001562044403715583	0.12429708001832798	0.004457033365268463	0	0
SMM0235-POW14852A135-AAGKYY3M5	NA	67559	5269	172	211	2.203425861024273	0	8	1	0	0	0	12	4	0	0	0	1.8334674008628669	0	0	0	0	0.011634275226098669	9.473201201912403e-4	0	0
SMM0236-POW14852A136-AAGKYY3M5	NA	91569	5269	352	428	4.48819750916971	1	23	14	0	0	1	30	16	0	0	0	2.6742769535363373	2.0336823094520406	0	0	7.644508512706265e-4	0.043049503652983	0.008823946968952374	0	0
SMM0237-POW14852A137-AAGKYY3M5	NA	12951	5269	144	144	3.898054220376114	1	12	6	2	0	1	12	6	2	0	0	2.031992615064482	0.34206662361173246	0.06859321793659609	0	0.0011582117211026176	0.07258126785576403	0.08223303219828584	0.015056752374334029	0
SMM0238-POW14852A138-AAGKYY3M5	NA	49778	5269	237	255	4.049019525137526	1	17	9	1	0	1	18	11	1	0	0	2.43664974950881	2.012274177860873	0	0	2.2098115633412352e-4	0.05285467475591627	0.007473180923299449	0.0019687412109767365	0
SMM0239-POW14852A139-AAGKYY3M5	NA	137110	5269	195	241	2.8587587459215023	0	12	2	4	0	0	16	3	5	0	0	1.4102685986141545	0.28140183959141857	1.1269287948006759	0	0	0.03579607614324265	0.00479906644300197	0.0024578805338779084	0
SMM0240-POW14852A140-AAGKYY3M5	NA	125014	5269	243	285	3.987438082409392	0	20	7	1	0	0	21	8	1	0	0	1.9992612601872117	1.6871825778848673	0	0	0	0.11570704081142912	0.003415617450845505	4.399507255187419e-4	0
SMM0241-POW14852A141-AAGKYY3M5	NA	68002	5269	246	268	4.410587254928625	0	16	9	0	0	0	18	10	0	0	0	2.0340401191174218	1.450684806340851	0	0	0	0.07886532749036793	0.0224846328049175	0	0
SMM0242-POW14852A142-AAGKYY3M5	NA	178692	5269	244	356	3.0333799968232604	0	24	9	1	0	1	32	17	1	0	0	1.335500373267576	1.9465476452545043	0	0	6.155843574418552e-5	0.5227766212253486	0.00837754348264052	3.469657287399548e-4	0
SMM0243-POW14852A143-AAGKYY3M5	NA	122222	5269	88	104	1.500907950320387	0	6	0	4	0	0	7	0	4	0	0	1.1581665850424132	0	1.2105578441774711	0	0	0.007200013090932892	0	0.004099098361997022	0
SMM0245-POW14852A145-AAGKYY3M5	NA	79939	5269	73	78	1.7864890593424416	0	6	1	3	0	0	6	1	3	0	0	0.22189200387061817	0	0.9482980107415577	0	0	0.6154818048762181	4.0030523273996423e-4	0.004791153254356447	0
SMM0246-POW14852A146-AAGKYY3M5	NA	645	0	NA	NA	NA	NA	NA	NA	NA	NA	NA	NA	NA	NA	NA	NA	NA	NA	NA	NA	NA	NA	NA	NA	NA
SMM0249-POW14852A149-AAGKYY3M5	NA	8547	5269	54	54	3.3475073988035153	1	3	2	0	0	1	3	2	0	0	0	0.9059118804041437	0.4453655801807529	0	0	0.001287001287001287	0.02106002106002106	0.02106002106002106	0	0
SMM0250-POW14852A150-AAGKYY3M5	NA	5810	5269	11	11	1.2456207600721516	0	0	1	0	0	0	0	1	0	0	0	0	0	0	0	0	0	0.09672977624784854	0	0
SMM0251-POW14852A151-AAGKYY3M5	NA	6866	5269	20	20	1.2012789454500592	0	1	0	0	0	0	1	0	0	0	0	0	0	0	0	0	0.0029129041654529565	0	0	0
SMM0252-POW14852A152-AAGKYY3M5	NA	94	0	NA	NA	NA	NA	NA	NA	NA	NA	NA	NA	NA	NA	NA	NA	NA	NA	NA	NA	NA	NA	NA	NA	NA
SMM0253-POW14852A153-AAGKYY3M5	NA	3210	0	NA	NA	NA	NA	NA	NA	NA	NA	NA	NA	NA	NA	NA	NA	NA	NA	NA	NA	NA	NA	NA	NA	NA
SMM0254-POW14852A154-AAGKYY3M5	NA	144520	5269	140	171	3.2380037134440554	0	1	2	0	0	0	3	3	0	0	0	0	0.5623351446188083	0	0	0	0.0013700525878771103	0.0015084417381677276	0	0
SMM0255-POW14852A155-AAGKYY3M5	NA	27299	5269	104	108	3.4636504887604636	0	5	1	0	0	0	5	1	0	0	0	1.0489958150571357	0	0	0	0	0.018718634382211802	0.009231107366570204	0	0
SMM0256-POW14852A156-AAGKYY3M5	NA	4427	0	NA	NA	NA	NA	NA	NA	NA	NA	NA	NA	NA	NA	NA	NA	NA	NA	NA	NA	NA	NA	NA	NA	NA
SMM0257-POW14852A157-AAGKYY3M5	NA	39707	5269	17	20	0.1462824194360407	0	1	0	2	0	0	1	0	2	0	0	0	0	0.6730116670092565	0	0	4.2813609690986476e-4	0	7.555342886644672e-4	0
SMM0258-POW14852A158-AAGKYY3M5	NA	364	0	NA	NA	NA	NA	NA	NA	NA	NA	NA	NA	NA	NA	NA	NA	NA	NA	NA	NA	NA	NA	NA	NA	NA
SMM0259-POW14852A159-AAGKYY3M5	NA	910	0	NA	NA	NA	NA	NA	NA	NA	NA	NA	NA	NA	NA	NA	NA	NA	NA	NA	NA	NA	NA	NA	NA	NA
SMM0260-POW14852A160-AAGKYY3M5	NA	151	0	NA	NA	NA	NA	NA	NA	NA	NA	NA	NA	NA	NA	NA	NA	NA	NA	NA	NA	NA	NA	NA	NA	NA
SMM0261-POW14852A161-AAGKYY3M5	NA	55623	5269	91	96	3.320701447162935	0	3	0	1	0	0	3	0	1	0	0	0.35783641903041624	0	0	0	0	0.031048307354871185	0	7.550833288387897e-4	0
SMM0262-POW14852A162-AAGKYY3M5	NA	927	0	NA	NA	NA	NA	NA	NA	NA	NA	NA	NA	NA	NA	NA	NA	NA	NA	NA	NA	NA	NA	NA	NA	NA
SMM0263-POW14852A163-AAGKYY3M5	NA	160497	5269	96	119	2.088545212386119	0	10	0	0	0	0	12	0	1	0	0	1.7452410723465694	0	0	0	0	0.0209162788089497	0	7.476775266827417e-5	0
SMM0265-POW14852A165-AAGKYY3M5	NA	106	0	NA	NA	NA	NA	NA	NA	NA	NA	NA	NA	NA	NA	NA	NA	NA	NA	NA	NA	NA	NA	NA	NA	NA
SMM0267-POW14852A167-AAGKYY3M5	NA	37798	5269	93	95	1.6908403573421598	0	9	0	0	0	0	9	0	0	0	0	1.8695059085717716	0	0	0	0	0.00875707709402614	0	0	0
SMM0268-POW14852A168-AAGKYY3M5	NA	21128	5269	56	56	1.6683927265928564	0	5	1	3	0	0	5	1	3	0	0	1.4503379533856173	0	1.0864307971516278	0	0	0.0051117001135933355	0.004591063990912533	0.05263157894736842	0
SMM0270-POW14852A170-AAGKYY3M5	NA	111427	5269	116	132	2.9946583668722795	0	9	1	3	0	1	9	1	3	0	0	1.458500395883315	0	1.0775563270668007	0	1.0769382645139868e-4	0.011612984285675823	2.243621384404139e-4	0.00940526084342215	0
SMM0271-POW14852A171-AAGKYY3M5	NA	40	0	NA	NA	NA	NA	NA	NA	NA	NA	NA	NA	NA	NA	NA	NA	NA	NA	NA	NA	NA	NA	NA	NA	NA
SMM0272-POW14852A172-AAGKYY3M5	NA	7969	5269	39	39	2.6992899021056544	0	0	2	0	0	0	0	2	0	0	0	0	0.6892163745019184	0	0	0	0	0.015058351110553394	0	0
SMM0274-POW14852A174-AAGKYY3M5	NA	279	0	NA	NA	NA	NA	NA	NA	NA	NA	NA	NA	NA	NA	NA	NA	NA	NA	NA	NA	NA	NA	NA	NA	NA
SMM0275-POW14852A175-AAGKYY3M5	NA	157972	5269	117	134	3.005938689295733	1	7	4	1	0	1	9	6	1	0	0	1.4209666676017987	1.2130075659799042	0	0	0.07866583951586358	0.027093408958549618	0.0017091636492542982	1.2027447902159876e-4	0
SMM0276-POW14852A176-AAGKYY3M5	NA	29976	5269	85	88	3.4629692664018115	1	2	2	0	0	1	2	2	0	0	0	0.45969301996850176	0.2654460308093813	0	0	6.672004270082733e-4	0.00336936215639178	0.011676007472644783	0	0
SMM0277-POW14852A177-AAGKYY3M5	NA	91525	5269	123	155	2.3409946257126895	1	7	1	0	0	1	8	1	0	0	0	1.602042424384261	0	0	0	5.353728489483748e-4	0.0119202403714832	1.0925976509150505e-4	0	0
SMM0278-POW14852A178-AAGKYY3M5	NA	7975	5269	32	32	2.4212496126186895	0	2	3	1	0	0	2	3	1	0	0	0.25007403146624585	0.2004077706137996	0	0	0	0.018056426332288402	0.30670846394984325	0.014420062695924765	0
SMM0280-POW14852A180-AAGKYY3M5	NA	20464	5269	50	51	2.0858415218466426	0	1	2	0	0	0	1	3	0	0	0	0	0.6931471805599453	0	0	0	0.0038604378420641124	0.003909304143862392	0	0
SMM0282-POW14852A182-AAGKYY3M5	NA	5279	5269	10	10	0.37452345511374496	0	0	0	0	0	0	0	0	0	0	0	0	0	0	0	0	0	0	0	0
SMM0283-POW14852A183-AAGKYY3M5	NA	1195	0	NA	NA	NA	NA	NA	NA	NA	NA	NA	NA	NA	NA	NA	NA	NA	NA	NA	NA	NA	NA	NA	NA	NA
SMM0284-POW14852A184-AAGKYY3M5	NA	32174	5269	80	81	3.4898492278876097	0	6	5	1	0	0	6	5	1	0	0	1.187079134128827	0.3188608530117887	0	0	0	0.030739106110524026	0.0869646298253248	0.002455398769192516	0
SMM0287-POW14852A187-AAGKYY3M5	NA	2185	0	NA	NA	NA	NA	NA	NA	NA	NA	NA	NA	NA	NA	NA	NA	NA	NA	NA	NA	NA	NA	NA	NA	NA
SMM0288-POW14852A188-AAGKYY3M5	NA	85400	5269	192	212	3.933561143625787	0	4	3	3	0	0	5	3	3	0	0	0.707289398705969	0.787614597134157	0.9502705392332347	0	0	0.006756440281030445	0.023864168618266977	5.386416861826698e-4	0
SMM0290-POW14852A190-AAGKYY3M5	NA	10174	5269	68	68	3.306331591381685	1	0	1	0	0	1	0	1	0	0	0	0	0	0	0	0.00550422645960291	0	0.0017692156477295065	0	0
SMM0291-POW14852A191-AAGKYY3M5	NA	92202	5269	170	189	3.6558242218478196	0	7	3	0	0	0	7	3	0	0	0	1.5979119244691269	0.40869772507431423	0	0	0	0.015249126916986617	0.0044250667013730725	0	0
SMM0292-POW14852A192-AAGKYY3M5	NA	38984	5269	95	100	2.8737400733071246	1	5	1	0	0	1	5	1	0	0	0	1.0106354847858543	0	0	0	7.951980299610097e-4	0.04614713728709214	0.007054176072234763	0	0
SMM0294-POW14852A194-AAGKYY3M5	NA	65881	5269	40	41	2.0544811593024215	0	1	0	0	0	0	1	0	0	0	0	0	0	0	0	0	0.002185759171840136	0	0	0
SMM0295-POW14852A195-AAGKYY3M5	NA	85444	5269	89	105	2.727661453398887	15	3	3	0	1	16	3	3	0	1	1.1363236595706723	0.1788313601195989	0.16486545386241344	0	0	0.3700552408595103	0.011680164786292777	0.02536164037264173	0	3.8621787369505175e-4
SMM0296-POW14852A196-AAGKYY3M5	NA	6202	5269	48	48	2.944299388328404	9	4	0	1	0	9	4	0	1	0	1.5981022642066522	1.2874175652259503	0	0	0	0.6236697839406643	0.03853595614317962	0	0.0016123831022250886	0
SMM0297-POW14852A197-AAGKYY3M5	NA	156090	5269	217	252	3.057374794016373	14	9	4	0	1	14	11	4	1	1	1.0484131100294631	1.7448432009195918	1.277034259466139	0	0	0.35595489781536294	0.010987250944967646	0.0012877186238708436	1.47350887308604e-4	5.061182651034659e-4
SMM0298-POW14852A198-AAGKYY3M5	NA	141049	5269	93	145	1.9606404409176303	8	3	3	9	0	11	8	3	12	0	0.718811209029079	1.0114042647073518	0.008790963206280854	1.7700338735734777	0	0.40941091393770956	0.0015313827109727826	0.37070805181178174	0.01188948521435813	0
SMM0299-POW14852A199-AAGKYY3M5	NA	784	0	NA	NA	NA	NA	NA	NA	NA	NA	NA	NA	NA	NA	NA	NA	NA	NA	NA	NA	NA	NA	NA	NA	NA
SMM0300-POW14852A200-AAGKYY3M5	NA	211562	5269	188	231	3.5309597632569307	5	14	3	12	1	6	15	4	14	1	0.803910016959511	1.4453735771744713	1.0608569471580214	2.2785076370901236	0	0.033711157958423534	0.27965324585700646	0.0012809483744717861	0.0172715326949074	1.4652914984732607e-4
SMM0301-POW14852A201-AAGKYY3M5	NA	214088	5269	225	324	2.8740914080253255	9	17	1	7	1	13	23	1	10	2	0.8744865943938966	1.433677736453855	0	1.7237135713519085	0	0.1174190052688614	0.15411886700795935	5.885430290347894e-4	0.0030081088150667014	2.4289077388737343e-4
SMM0302-POW14852A202-AAGKYY3M5	NA	60540	5269	283	306	4.354833136161316	3	18	3	0	0	3	22	3	0	0	0.40424817336732	2.6652778605865883	1.0608569471580214	0	0	0.00918401057152296	0.030112322431450282	0.001288404360753221	0	0
SMM0304-POW14852A204-AAGKYY3M5	NA	504	0	NA	NA	NA	NA	NA	NA	NA	NA	NA	NA	NA	NA	NA	NA	NA	NA	NA	NA	NA	NA	NA	NA	NA
SMM0305-POW14852A205-AAGKYY3M5	NA	137596	5269	119	155	2.10991618139484	19	5	0	0	0	19	8	0	0	0	1.0973275986194007	1.2438307223643938	0	0	0	0.7285604232681182	0.003909997383644874	0	0	0
SMM0306-POW14852A206-AAGKYY3M5	NA	106181	5269	84	127	1.9618795475759734	11	4	0	0	0	15	8	1	0	0	0.9074103835128324	1.277034259466139	0	0	0	0.4543750765202814	0.0018647403961160659	1.0359668867311478e-4	0	0
SMM0307-POW14852A207-AAGKYY3M5	NA	81198	5269	78	100	1.7375669230527353	9	1	1	0	0	9	5	2	0	0	0.5114849489218919	0	0	0	0	0.3022980861597576	0.0026971107662750312	0.017783689253429887	0	0
SMM0308-POW14852A208-AAGKYY3M5	NA	146875	5269	82	113	2.521798617640973	9	3	2	0	0	11	4	2	0	0	1.1141574507115979	1.0549201679861442	0.0780397770903948	0	0	0.3043268085106383	6.672340425531915e-4	0.02726808510638298	0	0
SMM0309-POW14852A209-AAGKYY3M5	NA	14254	5269	34	34	1.4476467709932255	11	0	0	0	0	11	0	0	0	0	0.9648700172762518	0	0	0	0	0.39771292268836816	0	0	0	0
SMM0310-POW14866A56-AAGKYY3M5	NA	212503	5269	55	83	1.3295288726052392	10	1	2	1	0	11	1	3	2	0	1.4371866633867982	0	0.2145591551764051	0	0	0.05257337543469975	1.1293958202943017e-4	0.0026117278344305727	3.341129301703976e-4	0
SMM0311-POW14866A57-AAGKYY3M5	NA	30514	5269	88	89	3.48900394265407	4	2	0	0	0	4	2	0	0	0	0.4332719893771638	0.6730116670092565	0	0	0	0.2245526643507898	0.008192960608245396	0	0	0
SMM0312-POW14866A58-AAGKYY3M5	NA	21751	5269	117	117	3.9270655381532347	3	9	0	0	0	3	9	0	0	0	0.7473405123850231	1.960405096501677	0	0	0	0.0811916693485357	0.07057146797848375	0	0	0
SMM0313-POW14866A59-AAGKYY3M5	NA	58773	5269	130	135	3.371448556802827	7	7	0	0	0	7	7	0	0	0	1.2841429696285145	0.8708351768534985	0	0	0	0.08252088544059347	0.2716893811784323	0	0	0
SMM0314-POW14866A60-AAGKYY3M5	NA	67878	5269	43	50	0.5471868751734175	4	0	1	1	0	4	0	1	1	0	1.2878809421772273	0	0	0	0	0.0475264445033737	0	0.9054627419782552	2.5044933557264506e-4	0
SMM0315-POW14866A61-AAGKYY3M5	NA	210095	5269	42	67	1.487633261652955	10	0	1	0	0	10	0	1	2	0	0.73298971932591	0	0	0	0	0.6261357957114638	0	0.0017420690639948595	1.3327304314714772e-4	0
SMM0316-POW14866A62-AAGKYY3M5	NA	180079	5269	309	392	4.095158281170167	7	11	3	4	3	10	14	5	13	3	1.1796794104558213	1.7782234330908404	0.9556998911125343	1.0905994737794789	0.6001660731596457	0.04195380916153466	0.01472686987377762	0.0014660232453534282	0.003792779835516634	0.00396492650447859
SMM0317-POW14866A63-AAGKYY3M5	NA	212200	5269	174	214	2.606831431319782	8	8	4	2	1	9	11	4	4	1	0.5351463594598339	1.2173150587301391	0.3676650674653795	0.6931471805599453	0	0.5365174363807729	0.024868049010367578	0.018666352497643732	3.345900094250707e-4	1.7436380772855797e-4
SMM0318-POW14866A65-AAGKYY3M5	NA	183484	5269	394	515	4.483689059994464	10	17	3	4	1	13	24	3	4	2	1.1227387894341994	1.5044463929506227	0.9165525293817653	1.3208883431493221	0	0.17054348063046368	0.13232761439689564	0.002496130452791524	0.0011390638965795383	3.651544548843496e-4
SMM0319-POW14866A66-AAGKYY3M5	NA	166124	5269	221	290	3.500588080784167	4	8	1	0	0	6	11	2	0	0	0.16712439275606153	1.4861440225926799	0	0	0	0.10919554068045556	0.015079097541595435	5.237051840793624e-4	0	0
SMM0320-POW14866A67-AAGKYY3M5	NA	33554	5269	93	97	3.203484984111893	2	6	2	0	0	2	6	2	0	0	0.0744466204045084	1.7472129534402068	0.1718560268772759	0	0	0.02595815700065566	0.01382845562377064	0.01892471836442749	0	0
SMM0321-POW14866A68-AAGKYY3M5	NA	228705	5269	228	321	3.342214955435512	8	5	1	10	0	9	14	2	17	0	1.1446351721445374	1.4941751382893083	0	1.9798441406325555	0	0.20778732428237248	0.002636584246081196	1.0931112131348244e-4	0.014332874226623816	0
SMM0322-POW14866A69-AAGKYY3M5	NA	247130	5269	113	162	1.5968773908162006	15	2	1	0	0	16	8	1	0	0	0.8521761728920599	0.5004024235381879	0	0	0	0.864642091207057	0.002403593250515923	0.016865617286448427	0	0
SMM0323-POW14866A70-AAGKYY3M5	NA	260646	5269	154	245	2.2136862171245797	9	10	1	9	2	13	12	1	14	2	1.1538904084473824	1.4550116396348494	0	1.8864851602714512	0.5004024235381879	0.7964787489545206	0.014268394680908205	0.0027546941061823314	0.003663973358501569	5.256171205389686e-4
SMM0324-POW14866A71-AAGKYY3M5	NA	126597	5269	70	90	2.278154052566279	20	0	2	0	0	21	1	2	3	0	1.9336306934526493	0	0.6829081047004717	0	0	0.6335853140279786	9.478897604208631e-5	0.0014060364779576134	5.292384495683152e-4	0
SMM0325-POW14866A72-AAGKYY3M5	NA	5957	5269	39	39	3.0936050517389204	3	1	0	1	0	3	1	0	1	0	0.8483222099574963	0	0	0	0	0.1500755413798892	0.03055229142185664	0	0.023166023166023165	0
SMM0326-POW14866A73-AAGKYY3M5	NA	191326	5269	54	75	1.8836143392904694	5	1	0	3	0	7	4	0	3	0	0.6513714733882874	0	0	0.9556998911125343	0	0.6382979835464077	0.0030471551174435256	0	0.001306670290498939	0
SMM0327-POW14866A74-AAGKYY3M5	NA	73551	5269	92	103	3.0102136063387	7	3	0	2	0	7	3	1	3	0	1.333690388533314	0.997271523182384	0	0.6365141682948128	0	0.040013052167883506	0.0028551617245176817	2.039401231798344e-4	0.00365732620902503	0
SMM0328-POW14866A75-AAGKYY3M5	NA	56882	5269	172	178	3.7792431264925814	6	10	0	6	0	6	10	0	7	0	0.8554856083423197	1.6965329324772291	0	1.5426758611087728	0	0.28321788966632677	0.012798424809254246	0	0.0038676558489504588	0
SMM0329-POW14866A76-AAGKYY3M5	NA	195177	5269	134	184	2.3023595122301233	12	3	0	12	0	13	4	0	17	0	1.117528380651378	0.3887343902209295	0	2.3019394419888	0	0.6382565568688934	0.00556930376017666	0	0.006978281252401666	0
SMM0330-POW14866A77-AAGKYY3M5	NA	113167	5269	122	144	2.857658267787599	7	7	3	6	0	8	7	3	7	0	1.2006992395696223	1.8066637666832188	0.39439769144744274	1.6176667999633683	0	0.5170058409253581	0.007201746092058639	0.004683344084406232	0.005575830409925155	0
SMM0331-POW14866A78-AAGKYY3M5	NA	128072	5269	221	270	4.10595853587092	11	9	2	5	0	15	11	4	7	0	1.5518455942938014	1.7484171149483747	0.5859526183035508	1.5124511784664483	0	0.2243815978512087	0.026898931850833904	0.0023892810294209505	0.002717221562870885	0
SMM0332-POW14866A79-AAGKYY3M5	NA	71487	5269	136	141	2.9024574547086743	2	9	1	3	1	2	10	1	3	1	0.6730116670092565	1.585697046613784	0	0.9556998911125343	0	0.019891728566032985	0.0231510624309315	0.0024479975380139046	0.00128694727712731	1.818512456810329e-4
SMM0333-POW14866A80-AAGKYY3M5	NA	169478	5269	154	184	3.5046859202023883	7	8	2	8	1	7	10	2	9	1	1.3133737002226131	1.9715088006879633	0.03108738359822397	1.8021230445370788	0	0.3006702934894205	0.010614947072776408	0.03788102290562787	0.005316324242674565	2.2421789258782852e-4
SMM0334-POW14866A81-AAGKYY3M5	NA	44893	5269	139	141	3.5071060040770092	9	3	0	23	0	9	3	0	24	0	1.0116994491971958	0.9743147528693494	0	2.525193455085861	0	0.284676898402869	0.0018042902011449447	0	0.05163388501548125	0
SMM0335-POW14866A82-AAGKYY3M5	NA	247242	5269	228	304	3.4040409414877337	9	11	3	26	1	10	14	3	32	1	0.8076013662837102	1.8738280224535837	0.8439025002771037	2.7020734214158115	0	0.35379911180139295	0.01639284587570073	0.005613932907839283	0.016008606951893288	0.006641266451492869
SMM0336-POW14866A83-AAGKYY3M5	NA	19106	5269	83	83	3.413865233723613	5	2	0	1	1	5	2	0	1	1	1.3633289902096262	0.6924611526112329	0	0	0	0.19391814089814718	0.004501203810321365	0	0.00758923898251858	0.009211765937401863
SMM0337-POW14866A84-AAGKYY3M5	NA	97946	5269	181	203	3.7075869868960774	2	9	2	1	0	3	10	2	1	0	0.06515046418109921	1.7089551088669572	0.6365141682948128	0	0	0.15070549078063422	0.03726543197271966	0.0010924386907071244	7.248892246748208e-4	0
SMM0338-POW14866A85-AAGKYY3M5	NA	24384	5269	59	59	1.9735474524862746	5	4	0	0	0	5	4	0	0	0	0.9820747369766974	1.1817622035930446	0	0	0	0.4315944881889764	0.009678477690288715	0	0	0
SMM0339-POW14866A86-AAGKYY3M5	NA	75426	5269	229	250	4.174423587789095	8	12	4	0	3	9	13	4	0	3	0.946210011642894	2.2757220033619046	0.8554195101144727	0	0.18563791400239554	0.27548855832206404	0.016068729615782356	0.014981571341447246	0	0.024129610479145122
SMM0340-POW14866A87-AAGKYY3M5	NA	102849	5269	130	162	2.1435445530024917	8	5	1	0	0	9	5	1	0	0	0.9336414029135393	0.8660598702493092	0	0	0	0.6970412935468502	0.004054487646938716	0.0031794183706210077	0	0
SMM0341-POW14866A88-AAGKYY3M5	NA	154002	5269	155	182	2.831836509563803	4	5	3	10	0	4	6	4	12	0	0.187419641333124	1.4576423809473689	0.5566469035821068	1.99385814075637	0	0.48357813534889155	0.00449994155920053	0.004954481110634927	0.00635056687575486	0
SMM0342-POW14866A89-AAGKYY3M5	NA	247166	5269	164	242	2.1123994530027734	14	6	4	0	0	16	7	4	1	0	1.0652906183304278	1.285933046587403	0.953271014705891	0	0	0.8119320618531675	0.007517215150951183	0.002055298867967277	4.4504503046535525e-5	0
SMM0343-POW14866A90-AAGKYY3M5	NA	105603	5269	181	201	3.742019813300463	12	11	3	6	0	13	11	3	6	0	1.4215147780573436	2.0412756769418277	0.7668024296621566	1.46218218344554	0	0.3168091815573421	0.01208299006657008	0.05116331922388569	0.004422222853517419	0
SMM0344-POW14866A91-AAGKYY3M5	NA	247839	5269	330	458	4.388617343427469	10	16	2	13	0	14	24	4	15	1	1.0985625810207225	1.5635184309881747	0.6365141682948128	1.9185579035044054	0	0.132828166672719	0.06195957859739589	9.401264530602528e-4	0.0233498359822304	4.034877480945291e-5
SMM0345-POW14866A92-AAGKYY3M5	NA	178825	5269	243	342	2.6089282930940776	16	8	4	7	1	18	13	6	13	2	1.8318500274630072	1.688840894721674	1.3862943611198906	1.5792331346113393	0	0.1470264224800783	0.0051838389486928566	0.0013420942261987978	0.00380260030756326	3.075632601705578e-4
SMM0346-POW14866A93-AAGKYY3M5	NA	119645	5269	156	199	2.8816523013987174	15	5	5	8	0	19	7	6	13	0	1.4377645198079276	1.4609707477218155	0.1914099792639076	1.688840894721674	0	0.6132725981027205	0.0036859041330603035	0.0909440427932634	0.0037945589034226253	0
SMM0347-POW14866A94-AAGKYY3M5	NA	115262	5269	266	338	3.329956487688849	9	9	1	3	0	11	14	1	6	1	0.6941002582188989	1.7770427640244255	0	1.0986122886681096	0	0.46965174992625497	0.010411063490135517	1.0411063490135517e-4	0.0012146240738491437	1.3881417986847357e-4
SMM0348-POW14866A95-AAGKYY3M5	NA	138005	5269	284	380	4.024401551321265	14	12	4	10	0	15	16	6	15	0	1.3591684364135106	1.8713734123141657	0.6787652698881894	2.0258473493078575	0	0.30396000144922286	0.010992355349443862	0.02881779645665012	0.005891090902503533	0
SMM0349-POW14866A96-AAGKYY3M5	NA	107656	5269	150	187	2.7969704425369084	9	3	3	0	0	12	3	4	0	0	0.8332737392951121	0.36764947740014225	1.0549201679861442	0	0	0.1335085828936613	0.008062718287879914	7.802630601174111e-4	0	0
SMM0350-POW14866A97-AAGKYY3M5	NA	152277	5269	103	148	2.724691990621959	26	2	4	3	0	27	4	4	3	1	2.0477714307125092	0.6615632381579821	1.0722550961286255	0.9502705392332347	0	0.6497566933942749	0.0010769847055037858	0.0029945428396934534	5.122244331054591e-4	9.850469867412675e-5
SMM0351-POW14866A98-AAGKYY3M5	NA	196036	5269	203	286	3.323793466576013	12	4	2	0	1	17	5	2	3	1	1.6530925297333272	1.073831323185844	0.5623351446188083	0	0	0.23187577791834152	0.0035758738190944522	0.002877022587687976	1.938419473974168e-4	7.141545430431145e-5
SMM0352-POW14866A99-AAGKYY3M5	NA	45924	5269	129	136	2.7190566043599236	10	2	1	7	0	10	2	2	8	0	1.7099908955468868	0.16626786568321422	0	1.396680442080276	0	0.047143106001219404	0.024976047382632174	6.750283076387074e-4	0.009537496733733995	0
SMM0353-POW14866A100-AAGKYY3M5	NA	174319	5269	176	220	3.0222687324144273	13	5	3	4	1	14	7	4	6	1	1.6030394680711781	1.1934726936741022	0.8486855577264172	1.040839837423239	0	0.14221628164457115	0.0062070112839105315	0.0022659606812797228	0.002701942989576581	6.252904158468096e-4
SMM0354-POW14866A101-AAGKYY3M5	NA	130857	5269	179	196	3.53130836175746	24	4	2	5	2	25	6	3	5	2	1.7159088703950909	1.1952684170869836	0.5004024235381879	1.1963053005464181	0.410116318288409	0.4407712235493707	0.002231443484108607	0.00101637665543303	0.0048296995957419165	0.0010545863041335197
SMM0355-POW14866A102-AAGKYY3M5	NA	220407	5269	131	195	1.8383747045098358	21	5	4	3	0	24	7	4	5	0	0.9843335166455501	1.2284916775245969	0.6389115161618192	1.0608569471580214	0	0.8384942402010825	0.0026859401017209072	0.005494380849973004	0.0020144550762906804	0
SMM0402-POW14852A210-AAGKYY3M5	NA	158773	5269	56	88	0.9930327483762974	2	1	0	4	0	3	2	0	4	1	0.627941588739906	0	0	1.0861200331920573	0	0.014158578599635959	0.0021540186303716626	0	0.009258501130544865	7.557960106567238e-5
SMM0403-POW14852A211-AAGKYY3M5	NA	144902	5269	31	57	1.1564598183099866	3	0	0	0	0	4	3	0	0	0	0.5459638730153253	0	0	0	0	0.0533463996356158	3.519620157071676e-4	0	0	0
SMM0404-POW14852A212-AAGKYY3M5	NA	90248	5269	74	84	2.3306542589642256	2	2	0	0	0	2	2	0	0	0	0.2787693717685874	0.6931471805599453	0	0	0	0.005351919156103183	0.0022050350146263628	0	0	0
SMM0405-POW14852A213-AAGKYY3M5	NA	122003	5269	64	85	1.0307094772201097	7	3	0	0	0	9	4	0	0	0	1.2805849375437182	0.8486855577264172	0	0	0	0.08503069596649263	0.0014999631156610903	0	0	0
SMM0406-POW14852A214-AAGKYY3M5	NA	9722	5269	55	55	2.192848934214818	3	4	0	0	0	3	4	0	0	0	0.5022141991462821	0.7894026569579428	0	0	0	0.6427689775766303	0.0365151203456079	0	0	0
SMM0407-POW14852A215-AAGKYY3M5	NA	152349	5269	76	117	1.636833717340481	10	7	0	3	0	11	9	0	6	0	0.8474696289790136	1.576919155674997	0	1.0114042647073518	0	0.5614608563233103	0.013718501598303894	0	0.0017131717306972806	0
SMM0408-POW14852A216-AAGKYY3M5	NA	58030	5269	73	84	2.2422512653907973	2	5	0	0	1	4	5	0	1	1	0.28140183959141857	1.119117530903603	0	0	0	0.008667930380837498	0.016198518007926935	0	2.067895915905566e-4	0.0028433568843701535
SMM0409-POW14852A217-AAGKYY3M5	NA	119234	5269	63	83	0.8823719513301039	6	2	0	7	1	7	2	0	8	1	0.1473217840648191	0.5623351446188083	0	1.3146197587874315	0	0.8587735042018216	4.1934347585420264e-4	0	0.024204505426304576	3.5224851971753023e-4
SMM0410-POW14852A218-AAGKYY3M5	NA	97559	5269	80	103	1.9885018196833228	9	3	1	9	0	11	3	1	11	0	1.2354958296293348	0.8675632284814613	0	1.9499253791207307	0	0.7512582129788128	0.0030853124775776708	1.3325269836714194e-4	0.007134144466425445	0
SMM0411-POW14852A219-AAGKYY3M5	NA	129979	5269	117	150	2.595314789860408	9	5	1	3	0	11	6	1	3	0	0.9563876243348185	1.2166890821915572	0	0.796311640173813	0	0.40123404549965763	0.0065856792251055936	4.8469368128697715e-4	0.0019464682756445272	0
SMM0412-POW14852A220-AAGKYY3M5	NA	22485	5269	58	58	1.7317257374369461	4	4	0	0	0	4	4	0	0	0	0.037527723250073655	0.9412174426332102	0	0	0	0.6278407827440516	0.009161663331109628	0	0	0
SMM0413-POW14852A221-AAGKYY3M5	NA	50086	5269	177	188	3.4038875819560763	13	8	1	8	0	15	8	1	8	0	0.9588758112949246	1.5980272574618188	0	1.7468058189799855	0	0.3218663898095276	0.008824821307351356	0.0023359821107694764	0.03575849538793276	0
SMM0414-POW14852A222-AAGKYY3M5	NA	182938	5269	68	105	0.8864631134986414	1	4	0	0	0	2	5	0	0	0	0	1.0888999753452238	0	0	0	0.8294613475603756	0.0013228525511375438	0	0	0
SMM0415-POW14852A223-AAGKYY3M5	NA	103325	5269	25	34	0.7687485826035898	4	0	0	0	0	5	1	0	0	0	1.022620147098108	0	0	0	0	0.020604887490926687	2.2259859666102106e-4	0	0	0
SMM0416-POW14852A224-AAGKYY3M5	NA	48054	5269	41	41	0.689013731211815	4	1	0	0	0	4	1	0	0	0	0.17936005568854557	0	0	0	0	0.06565530444916136	2.7052898822158407e-4	0	0	0
SMM0417-POW14852A225-AAGKYY3M5	NA	21091	5269	38	38	1.4398159828116481	6	0	0	1	0	6	0	0	1	0	0.2774913611212057	0	0	0	0	0.7299796121568441	0	0	4.7413588734531315e-4	0
SMM0418-POW14852A226-AAGKYY3M5	NA	33455	5269	58	59	1.6030384991097644	4	3	0	0	0	4	3	0	0	0	0.7364763946263952	0.6546695645285008	0	0	0	0.8074727245553729	0.0031983261096995967	0	0	0
SMM0419-POW14852A227-AAGKYY3M5	NA	64041	5269	47	57	1.7049465270697366	4	2	0	0	0	4	2	0	0	0	0.8074944651218097	0.6890092384766586	0	0	0	0.29365562686404023	0.0015927296575631237	0	0	0
SMM0420-POW14852A228-AAGKYY3M5	NA	40237	5269	64	69	2.095447061359243	4	1	2	4	0	4	2	3	4	0	1.2504252924710397	0	0.2759225792175911	1.2730283365896256	0	0.19345378631607724	0.0011432263836767154	0.0511469542957974	0.001342048363446579	0
SMM0421-POW14852A229-AAGKYY3M5	NA	169416	5269	127	163	2.7376772054463365	4	8	0	2	0	5	8	0	2	0	0.0812348625353142	1.7229810360823477	0	0.5623351446188083	0	0.27516291259385184	0.007885913963262029	0	5.725551305661802e-4	0
SMM0422-POW14852A230-AAGKYY3M5	NA	137884	5269	87	118	1.876588792723056	4	1	4	4	1	4	1	4	4	1	0.2805797623567845	0	0.4432506530305947	1.313834033192747	0	0.01610049026718111	4.351483855994894e-4	0.03337588117548084	0.0013272025760784427	2.0306924661309507e-4
SMM0423-POW14852A231-AAGKYY3M5	NA	66279	5269	69	82	2.038648023729618	5	1	0	2	0	5	1	0	3	0	0.7755112878672563	0	0	0.5623351446188083	0	0.03821723321112268	0.012734048491980869	0	5.884216720228126e-4	0
SMM0424-POW14852A232-AAGKYY3M5	NA	138579	5269	116	152	3.129285317003649	5	1	1	13	0	8	2	1	16	0	1.13632283323911	0	0	1.8022157084893229	0	0.04574286147251748	0.22911840899414773	1.0102540789008435e-4	0.11703793504066273	0
SMM0425-POW14852A233-AAGKYY3M5	NA	146913	5269	148	176	3.4764153216836706	5	3	0	2	0	5	4	0	3	0	0.9156014197648252	0.6312576632053606	0	0.2640520518256287	0	0.07392810711101128	0.025695479637608654	0	0.005248003920687754	0
SMM0426-POW14852A234-AAGKYY3M5	NA	138092	5269	110	146	2.42225800452604	8	3	0	0	1	10	6	0	0	1	1.0143863096520893	0.9075352941050093	0	0	0	0.5909900645946181	0.0020276337514121023	0	0	1.7379717869246588e-4
SMM0427-POW14852A235-AAGKYY3M5	NA	98661	5269	118	148	2.370385048037057	4	3	1	0	0	5	3	1	0	0	1.1129617505644842	0.7435648254271452	0	0	0	0.007551109354253454	0.004672565654108513	2.331214968427241e-4	0	0
SMM0428-POW14852A236-AAGKYY3M5	NA	117925	5269	173	224	3.1027824976778695	3	8	1	8	0	5	10	1	8	0	0.12222131752140303	1.040921639464833	0	1.8275769779373927	0	0.24667373330506678	0.010260758956964173	0.004460462158151367	0.009853720585117659	0
SMM0429-POW14852A237-AAGKYY3M5	NA	106786	5269	84	100	2.2561079875837913	12	3	0	10	1	13	3	0	15	1	0.669393822412638	0.7088329479943613	0	2.2161022480912633	0	0.35249002678253705	0.004635439102504074	0	0.00410166126645815	6.742456876369561e-4
SMM0430-POW14852A238-AAGKYY3M5	NA	143684	5269	124	175	2.798704503477948	16	5	0	6	1	17	6	0	9	1	1.5763678998381285	0.9979075831681395	0	1.6459168300174678	0	0.33403858467191894	0.005101472676150441	0	0.00420366916288522	2.0183179755574733e-4
SMM0431-POW14852A239-AAGKYY3M5	NA	152719	5269	125	178	2.9677640877974514	3	6	1	4	1	7	8	2	6	1	0.796311640173813	0.8557875992540881	0	1.1935496040981333	0	0.0013488825882830558	0.08594215520007334	0.0017024731696776432	0.0031561233376331695	0.002239407015499054
SMM0432-POW14852A240-AAGKYY3M5	NA	71299	5269	22	25	0.328178808639636	4	1	1	0	0	5	2	1	0	0	0.7026832764796582	0	0	0	0	0.006269372641972538	5.469922439304899e-4	0.006381576179189049	0	0
SMM0433-POW14852A241-AAGKYY3M5	NA	56446	5269	27	29	0.5180357109139726	2	1	0	0	0	2	1	0	0	0	0.09115859221557944	0	0	0	0	0.927877971866917	5.846295574531411e-4	0	0	0
SMM0434-POW14852A242-AAGKYY3M5	NA	67389	5269	32	36	0.7093827336240417	5	1	0	0	0	5	1	0	0	0	0.06285642714848129	0	0	0	0	0.8223745715176067	2.967843416581341e-4	0	0	0
SMM0435-POW14852A243-AAGKYY3M5	NA	169013	5269	155	204	2.2965110618312807	6	6	0	0	1	7	7	0	2	1	0.3801553741773277	1.1495615870957445	0	0	0	0.5997171815185814	0.012732748368468697	0	1.479176158047014e-4	5.680036446900534e-4
SMM0436-POW14852A244-AAGKYY3M5	NA	34348	5269	52	52	1.4899982312020679	5	3	0	0	0	5	3	0	0	0	0.42483358339673505	0.9950269901795212	0	0	0	0.11898800512402469	0.003348084313497147	0	0	0
SMM0437-POW14852A245-AAGKYY3M5	NA	119592	5269	171	246	2.94830200062295	2	8	0	0	0	6	13	1	0	0	0.12169240267806193	0.4259300340236672	0	0	0	0.006472004816375677	0.13840390661582713	1.254264499297612e-4	0	0
SMM0438-POW14852A246-AAGKYY3M5	NA	104318	5269	128	155	2.5461415890637555	5	14	0	3	0	5	14	0	3	0	0.3872597495436436	1.746382934295808	0	1.0114042647073518	0	0.4186621676029065	0.023639256887593704	0	7.572997948580302e-4	0
SMM0439-POW14852A247-AAGKYY3M5	NA	145967	5269	54	66	1.1544242634998785	9	4	0	0	0	10	7	0	0	0	1.972938698754908	0.25326808198844786	0	0	0	0.005576602930799427	0.1653318900847452	0	0	0
SMM0440-POW14852A248-AAGKYY3M5	NA	50474	5269	28	32	0.95309511152705	2	2	0	0	0	2	2	0	0	0	0.6637254974722313	0.34377956394459236	0	0	0	0.013610968023140628	0.023120814676863336	0	0	0
SMM0441-POW14852A249-AAGKYY3M5	NA	56885	5269	33	35	1.0220419418116773	2	1	0	0	0	2	1	0	0	0	0.6704776487973955	0	0	0	0	0.005836336468313263	1.9337259382965632e-4	0	0	0
SMM0442-POW14852A250-AAGKYY3M5	NA	23356	5269	93	93	3.3567194172353307	2	5	0	0	0	2	5	0	0	0	0.48768594930391895	0.8568878416868628	0	0	0	0.016655249186504538	0.07180167836958383	0	0	0
SMM0443-POW14852A251-AAGKYY3M5	NA	214502	5269	63	88	0.9898566507823086	1	2	1	0	0	1	2	1	2	0	0	0.5297061990576545	0	0	0	0.0025687406178030972	0.0011981240268156008	6.992941790752533e-5	1.631686417842258e-4	0
SMM0444-POW14852A252-AAGKYY3M5	NA	60554	5269	59	68	1.3845828964834135	3	3	0	0	0	3	5	0	0	0	0.01816129712668324	0.7729624380324518	0	0	0	0.7324536777091522	0.019949136308088648	0	0	0
SMM0445-POW14852A253-AAGKYY3M5	NA	225145	5269	62	91	0.7905095023422537	2	4	1	0	0	2	7	1	0	0	0.16230886785668724	0.400537930802524	0	0	0	0.8895867107863821	0.013617890692664726	7.550689555619712e-5	0	0
SMM0446-POW14852A254-AAGKYY3M5	NA	4189	0	NA	NA	NA	NA	NA	NA	NA	NA	NA	NA	NA	NA	NA	NA	NA	NA	NA	NA	NA	NA	NA	NA	NA
SMM0447-POW14852A255-AAGKYY3M5	NA	167229	5269	53	78	0.9242130600398328	1	2	0	0	0	1	3	0	0	0	0	0.25731864054383163	0	0	0	0.1593623115607939	0.00185972528688206	0	0	0
SMM0448-POW14852A256-AAGKYY3M5	NA	82030	5269	94	100	1.5469283833616736	0	4	1	0	0	0	5	1	0	0	0	1.2112465729695872	0	0	0	0	0.00479093014750701	0.0027916615872241863	0	0
SMM0449-POW14852A257-AAGKYY3M5	NA	182577	5269	100	136	2.0024917788299073	4	5	1	0	0	4	6	1	1	0	0.8387214440339257	0.8789573107712112	0	0	0	0.12383816143325829	0.005800292479337485	7.120283496825997e-5	6.572569381685535e-5	0
SMM0450-POW14852A258-AAGKYY3M5	NA	97764	5269	97	119	2.2276049847645436	4	4	0	14	0	5	4	0	15	0	0.9953888580544519	1.0771964025004594	0	1.8231097109458216	0	0.013542817396996849	0.0046642936050079785	0	0.14965631520805203	0
SMM0451-POW14852A259-AAGKYY3M5	NA	107983	5269	66	81	2.0330402341618656	4	1	0	5	0	4	1	0	5	0	0.6436095152251401	0	0	1.4609707477218155	0	0.030958576813016864	1.8521433929414815e-4	0	0.0025466971652945373	0
SMM0452-POW14852A260-AAGKYY3M5	NA	27695	5269	66	70	1.8694796052843745	2	8	0	0	0	2	8	0	0	0	0.35229244624068917	1.491320639238941	0	0	0	0.09593789492688211	0.016103989889871818	0	0	0
SMM0453-POW14852A261-AAGKYY3M5	NA	123897	5269	111	140	2.3614371762538897	1	1	0	0	0	1	1	0	0	0	0	0	0	0	0	7.990508244751688e-4	0.002042018773658765	0	0	0
SMM0454-POW14852A262-AAGKYY3M5	NA	66067	5269	58	62	1.9266338696659768	3	2	0	2	0	3	3	1	2	0	0.34102939235018387	0.6931471805599453	0	0.6365141682948128	0	0.2047315603856691	0.0026185538922608867	1.816337959949748e-4	3.178591429912059e-4	0
SMM0455-POW14852A263-AAGKYY3M5	NA	81952	5269	91	107	2.559235615882671	5	3	4	1	1	5	3	5	3	1	0.18701659591217443	0.6496877127476234	0.8329798694608399	0	0	0.2085000976181179	0.003611870363139399	0.0955925419757907	9.517766497461929e-4	3.416634127294026e-4
SMM0456-POW14852A264-AAGKYY3M5	NA	97277	5269	54	74	1.7718054150404672	3	2	0	1	1	4	3	0	1	1	0.4664810187650746	0.15513504156545552	0	0	0	0.04640356918901693	0.04009169690677138	0	1.1307914512166288e-4	0.001346669819176167
SMM0457-POW14852A265-AAGKYY3M5	NA	151509	5269	135	185	2.5639465948057376	7	6	1	8	1	9	9	2	8	1	0.6716225347626694	1.1204414153414335	0	1.6366606500901848	0	0.5407005524424292	0.03609686553274063	0.0011154452870786554	0.020460830709726815	2.574104508643051e-4
SMM0458-POW14852A266-AAGKYY3M5	NA	151946	5269	123	172	1.7423314292534737	6	5	1	4	0	10	7	1	5	1	0.040905451876090834	1.4614721293040243	0	1.1246702892376166	0	0.593710923617601	0.005146565227120161	3.882958419438485e-4	0.0023231937662064155	6.581285456675398e-5
SMM0459-POW14852A267-AAGKYY3M5	NA	55215	5269	82	91	2.454517829730359	5	2	0	0	0	5	3	0	0	0	0.653271534186694	0.6931471805599453	0	0	0	0.1593407588517613	8.149959250203749e-4	0	0	0
SMM0460-POW14852A268-AAGKYY3M5	NA	238808	5269	136	175	2.4035212514483084	5	9	1	0	0	5	12	1	0	0	1.1601862439785164	1.2008437496839406	0	0	0	0.003040099159157147	0.05727195068841915	3.7268433218317644e-4	0	0
SMM0461-POW14852A269-AAGKYY3M5	NA	26490	5269	53	53	1.7101860008208092	4	2	0	0	0	4	2	0	0	0	0.14401974848056368	0.666278442414676	0	0	0	0.49411098527746317	0.0024160060400151002	0	0	0
SMM0462-POW14852A270-AAGKYY3M5	NA	45180	5269	134	143	2.935065599572967	2	9	2	8	0	2	10	2	9	0	0.4411287914804004	1.347155814224286	0.6931471805599453	1.891584787620913	0	0.33463922089420095	0.051947764497565295	7.082779991146526e-4	0.020274457724656927	0
SMM0463-POW14852A271-AAGKYY3M5	NA	162330	5269	33	48	0.8143041480253305	2	4	0	1	0	2	6	0	2	0	0.12219479832829927	1.1246702892376166	0	0	0	0.03957986816977761	0.004349165280601244	0	2.8337337522331055e-4	0
SMM0464-POW14852A272-AAGKYY3M5	NA	191467	5269	78	121	1.048919828491291	4	4	0	5	0	4	5	0	9	0	0.046062819773468384	1.2730283365896256	0	1.4681399390162087	0	0.8124742122663435	0.0013997190116312472	0	0.0027367640376670653	0
SMM0465-POW14852A273-AAGKYY3M5	NA	35069	5269	85	87	1.9927342580316516	3	2	0	4	0	3	2	0	4	0	0.6428192974733197	0.6365141682948128	0	1.2187430773589454	0	0.6759531209900482	0.0023952778807493796	0	0.008155350879694316	0
SMM0466-POW14852A274-AAGKYY3M5	NA	125011	5269	104	118	1.8196146139712852	4	6	0	1	0	4	7	0	1	0	0.46688000219352116	1.511884414872036	0	0	0	0.7087936261608978	0.005071553703274112	0	1.9998240154866373e-4	0
SMM0467-POW14852A275-AAGKYY3M5	NA	127426	5269	46	72	0.7561662787492001	2	3	0	0	0	2	6	0	0	0	0.2430542996423176	1.0114042647073518	0	0	0	0.19008679547345125	0.0013184122549558175	0	0	0
SMM0468-POW14852A276-AAGKYY3M5	NA	54247	5269	98	100	2.881396747434082	3	6	0	0	0	3	6	0	0	0	0.6877243021691286	1.387477954722974	0	0	0	0.11574833631352886	0.03259166405515512	0	0	0
SMM0469-POW14852A277-AAGKYY3M5	NA	203047	5269	81	111	1.0010661141085004	2	4	0	3	0	2	6	0	8	0	0.05420571868600522	1.1537419427010902	0	0.796311640173813	0	0.8170522095869429	0.0020044620211084135	0	0.0010687180800504317	0
SMM0470-POW14852A278-AAGKYY3M5	NA	6534	5269	27	27	1.94782767011434	4	0	0	0	0	4	0	0	0	0	0.8373810096060966	0	0	0	0	0.6793694520967248	0	0	0	0
SMM0471-POW14852A279-AAGKYY3M5	NA	1661	0	NA	NA	NA	NA	NA	NA	NA	NA	NA	NA	NA	NA	NA	NA	NA	NA	NA	NA	NA	NA	NA	NA	NA
SMM0472-POW14852A280-AAGKYY3M5	NA	165388	5269	38	53	0.9183875233072007	3	2	0	0	0	3	3	0	0	0	0.032249218765632824	0.6365141682948128	0	0	0	0.5505115244153143	6.288243403390814e-4	0	0	0
SMM0473-POW14852A281-AAGKYY3M5	NA	23253	5269	69	70	2.9008492760550637	2	9	0	0	0	2	9	0	0	0	0.6912993341244491	0.6910853738105444	0	0	0	0.03582333462348944	0.2852105104717671	0	0	0
